I	 	t	h	i	n	k	 	a	r	t	s	,	 	c	u	l	t	u	r	e	,	 	a	n	d	 	s	c	i	e	n	c	e	 	s	h	o	u	l	d	 	b	e	 	s	u	b	s	i	d	i	z	e	d	 	a	s	 	i	t	 	o	f	t	e	n	 	a	p	p	e	a	r	s	 	t	h	a	t	 	t	h	e	 	f	r	e	e	 	m	a	r	k	e	t	 	d	o	e	s	n	'	t	 	g	r	o	w	 	t	h	o	s	e	 	a	r	e	a	s	 	e	f	f	e	c	t	i	v	e	l	y	 	a	n	d	 	a	u	t	h	e	n	t	i	c	a	l	l	y	.	 	 	B	u	t	 	c	o	n	s	i	d	e	r	i	n	g	 	h	o	w	 	c	h	e	a	p	 	m	o	d	e	r	n	 	t	e	c	h	n	o	l	o	g	y	 	h	a	s	 	m	a	d	e	 	s	o	m	e	 	t	h	i	n	g	s	,	 	s	u	c	h	 	a	s	 	m	a	k	i	n	g	 	m	o	v	i	e	s	 	a	n	d	 	t	v	 	s	h	o	w	s	,	 	i	t	 	m	a	y	 	n	o	t	 	b	e	 	a	s	 	n	e	c	e	s	s	a	r	y	.I	f	 	y	o	u	 	w	i	s	h	 	t	o	 	s	t	i	c	k	 	w	i	t	h	 	i	P	h	o	n	e	,	 	t	h	e	 	i	P	h	o	n	e	 	6	S	 	i	s	 	s	t	i	l	l	 	c	u	r	r	e	n	t	l	y	 	s	u	p	p	o	r	t	e	d	 	w	i	t	h	 	i	O	S	 	1	5	.	 	Y	o	u	 	c	a	n	 	g	e	t	 	o	n	e	 	u	s	e	d	 	f	o	r	 	a	b	o	u	t	 	$	7	5	 	o	n	 	e	B	a	y	 	a	n	d	 	m	a	y	b	e	 	e	v	e	n	 	c	h	e	a	p	e	r	 	o	n	 	a	 	l	o	c	a	l	 	m	a	r	k	e	t	p	l	a	c	e	 	a	p	pI	 	k	n	o	w	,	 	i	t	s	 	j	u	s	t	 	h	a	r	d	e	r	 	t	h	a	n	 	I	 	t	h	o	u	g	h	t	 	l	i	v	i	n	g	 	w	i	t	h	 	m	y	 	p	a	r	e	n	t	s	 	d	r	i	v	i	n	g	 	m	e	 	u	p	 	a	 	w	a	l	l	.	 	 	W	h	e	n	 	I	 	w	a	s	 	w	o	r	k	i	n	g	;	 	I	 	w	a	s	 	f	i	n	e	 	b	e	c	a	u	s	e	 	I	 	w	o	u	l	d	 	l	i	t	e	r	a	l	l	y	 	b	e	 	w	o	r	k	i	n	g	 	1	0	-	1	2	 	h	o	u	r	s	 	a	 	d	a	y	,	 	g	e	t	 	h	o	m	e	,	 	m	a	k	e	 	s	o	m	e	t	h	i	n	g	 	t	o	 	e	a	t	,	 	w	a	t	c	h	 	s	o	m	e	 	N	e	t	f	l	i	x	 	o	r	 	p	l	a	y	 	v	i	d	e	o	 	g	a	m	e	s	,	 	g	o	 	t	o	 	s	l	e	e	p	,	 	a	n	d	 	r	e	p	e	a	t	.	 	 	N	o	t	 	a	 	w	h	o	l	e	 	l	o	t	 	o	f	 	i	n	t	e	r	a	c	t	i	o	n	s	 	e	x	c	e	p	t	 	t	o	 	o	r	g	a	n	i	z	e	 	a	 	f	a	m	i	l	y	 	m	o	v	i	e	 	n	i	g	h	t	 	a	t	 	a	 	t	h	e	a	t	e	r	 	w	i	t	h	 	m	y	 	b	r	o	t	h	e	r	 	a	s	 	w	e	l	l	 	a	n	d	 	n	o	t	 	h	a	v	i	n	g	 	i	t	 	b	e	 	s	o	 	l	a	t	e	 	f	o	r	 	u	s	 	t	o	 	s	t	i	l	l	 	g	o	 	t	o	 	b	e	d	 	a	n	d	 	w	a	k	e	 	u	p	 	t	h	e	 	n	e	x	t	 	m	o	r	n	i	n	g	 	a	t	 	5	 	o	r	 	s	o	.	.	.	
	
	N	o	w	 	I	'	m	 	t	a	k	i	n	g	 	s	o	m	e	 	o	n	l	i	n	e	 	c	l	a	s	s	e	s	 	i	n	 	c	o	m	p	u	t	e	r	 	s	c	i	e	n	c	e	 	a	n	d	 	b	u	s	i	n	e	s	s	 	s	o	 	I	 	c	a	n	 	h	o	p	e	f	u	l	l	y	 	l	e	a	r	n	 	a	n	d	 	b	e	 	a	b	l	e	 	l	a	n	d	 	s	o	m	e	t	h	i	n	g	 	t	o	 	b	e	 	a	b	l	e	 	t	o	 	s	t	i	l	l	 	w	o	r	k	 	f	r	o	m	 	h	o	m	e	 	a	n	d	 	m	a	k	i	n	g	 	a	 	p	a	y	 	c	h	e	c	k	 	n	e	x	t	 	t	i	m	e	 	s	o	m	e	t	h	i	n	g	 	l	i	k	e	 	t	h	i	s	 	h	a	p	p	e	n	s	.	 	 	I	 	w	o	r	k	 	f	o	r	 	a	 	w	h	o	l	e	s	a	l	e	 	b	u	s	i	n	e	s	s	 	t	h	a	t	 	d	e	l	i	v	e	r	s	 	l	i	q	u	o	r	 	t	o	 	b	a	r	s	 	a	n	d	 	r	e	s	t	a	u	r	a	n	t	s	 	-	 	b	u	t	 	w	h	e	n	 	t	h	e	y	 	s	h	u	t	 	d	o	w	n	,	 	b	u	s	i	n	e	s	s	 	w	e	n	t	 	d	o	w	n	 	a	s	 	w	e	l	l	 	a	n	d	 	w	e	 	w	e	r	e	 	o	u	t	 	o	f	 	a	 	j	o	b	 	f	o	r	 	a	 	w	e	e	k	.	 	 	L	u	c	k	i	l	y	,	 	o	u	r	 	b	o	s	s	 	w	a	s	 	a	l	s	o	 	o	p	e	n	i	n	g	 	u	p	 	2	 	n	e	w	 	s	t	o	r	e	s	 	b	e	f	o	r	e	 	a	l	l	 	t	h	i	s	 	a	n	d	 	i	s	 	g	i	v	i	n	g	 	u	s	 	s	o	m	e	 	w	o	r	k	 	t	o	 	d	o	 	t	o	 	b	o	t	h	 	h	e	l	p	 	t	h	e	m	 	o	u	t	 	a	s	 	w	e	l	l	 	a	s	 	u	s	 	w	h	e	n	e	v	e	r	 	t	h	i	s	 	c	l	e	a	r	s	 	o	u	t	 	a	n	d	 	w	e	 	c	a	n	 	h	i	t	 	t	h	e	 	g	r	o	u	n	d	 	r	u	n	n	i	n	g	 	b	e	t	t	e	r	 	p	r	e	p	a	r	e	d	.	 	 	T	h	e	y	'	r	e	 	s	t	i	l	l	 	g	o	i	n	g	 	t	o	 	p	a	y	 	u	s	 	o	u	r	 	f	u	l	l	 	a	m	o	u	n	t	 	t	h	a	t	 	w	e	 	w	e	r	e	 	g	e	t	t	i	n	g	 	b	e	f	o	r	e	,	 	j	u	s	t	 	a	 	d	i	f	f	e	r	e	n	t	 	k	i	n	d	 	o	f	 	w	o	r	k	.	 	 	S	t	i	l	l	 	w	o	r	k	.I	'	m	 	r	e	a	l	l	y	 	s	t	u	c	k	 	a	s	 	t	o	 	w	h	e	r	e	 	t	o	 	b	e	g	i	n	,	 	b	u	t	 	I	'	l	l	 	s	t	a	y	 	b	r	i	e	f	:	
	
	Y	o	u	 	o	f	f	i	c	i	a	l	l	y	 	r	a	t	i	o	n	a	l	i	z	e	d	 	i	n	t	r	u	s	i	o	n	.	 	E	v	e	n	 	i	f	 	i	t	 	i	s	 	a	s	 	y	o	u	 	s	a	y	 	i	t	 	i	s	 	(	i	t	 	i	s	n	'	t	)	,	 	i	t	 	d	o	e	s	n	'	t	 	m	a	k	e	 	u	p	 	f	o	r	 	t	h	e	 	p	r	i	n	c	i	p	a	l	 	o	f	 	t	h	e	 	f	a	c	t	.	 	T	r	u	e	,	 	g	o	o	g	l	e	'	s	 	a	l	g	o	r	i	t	h	m	s	 	c	a	n	 	f	i	g	u	r	e	 	o	u	t	 	a	 	l	o	t	.	 	W	t	f	 	d	o	 	y	o	u	 	t	h	i	n	k	 	t	h	e	 	g	o	v	e	r	n	m	e	n	t	 	i	s	 	u	s	i	n	g	?	!	 	B	r	i	n	g	i	n	g	 	u	p	 	h	o	w	 	b	a	d	 	o	t	h	e	r	 	g	o	v	e	r	n	m	e	n	t	s	 	a	r	e	 	d	o	e	s	n	'	t	 	m	a	k	e	 	w	h	a	t	 	t	h	e	 	g	o	v	e	r	n	m	e	n	t	 	i	s	 	d	o	i	n	g	 	""""	o	k	a	y	""""	.	 	I	f	 	a	n	y	t	h	i	n	g	,	 	t	h	e	 	g	o	v	e	r	n	m	e	n	t	 	k	n	o	w	s	 	t	h	a	t	 	k	e	e	p	i	n	g	 	i	t	'	s	 	p	e	o	p	l	e	 	c	o	m	f	o	r	t	a	b	l	e	 	a	l	l	o	w	s	 	t	h	e	m	 	f	a	r	 	m	o	r	e	 	f	r	e	e	d	o	m	 	t	o	 	f	u	c	k	 	o	v	e	r	 	o	t	h	e	r	 	c	o	u	n	t	r	i	e	s	 	t	h	a	n	 	i	f	 	t	h	e	y	 	w	a	n	t	e	d	 	t	o	 	t	r	e	a	t	 	u	s	 	l	i	k	e	 	t	h	e	y	 	w	e	r	e	 	N	.	K	o	r	e	a	.	
	
	P	e	o	p	l	e	 	w	i	l	l	 	f	i	g	h	t	 	f	o	r	 	t	h	e	i	r	 	f	a	k	e	 	""""	f	r	e	e	d	o	m	""""	 	(	u	s	a	)	 	a	 	l	o	t	 	h	a	r	d	e	r	 	t	h	a	n	 	f	o	r	 	a	n	 	i	m	p	o	s	i	n	g	 	g	o	v	e	r	n	m	e	n	t	 	(	n	.	k	o	r	e	a	)	 	(	s	t	a	y	i	n	g	 	w	i	t	h	i	n	 	t	h	e	 	c	o	n	f	i	n	e	s	 	o	f	 	y	o	u	r	 	e	x	a	m	p	l	e	s	)	.	
	
	T	h	i	s	 	a	l	l	 	g	o	e	s	 	m	u	c	h	 	d	e	e	p	e	r	,	 	a	n	d	 	w	e	'	r	e	 	h	a	r	d	l	y	 	d	o	i	n	g	 	a	n	y	 	s	i	d	e	 	o	f	 	t	h	e	 	a	r	g	u	m	e	n	t	 	j	u	s	t	i	c	e	,	 	h	e	r	e	.	 	I	f	 	i	t	 	w	a	s	 	a	s	 	y	o	u	 	s	a	y	 	i	t	 	i	s	,	 	t	h	e	 	b	e	v	y	 	o	f	 	g	u	i	l	t	y	 	c	o	m	p	a	n	i	e	s	 	b	e	i	n	g	 	m	i	n	e	d	 	w	o	u	l	d	n	'	t	 	b	e	 	a	s	 	h	i	g	h	 	a	s	 	i	t	 	i	s	.U	S	A	A	 	i	s	 	a	 	g	r	e	a	t	 	c	h	o	i	c	e	.	 	I	 	w	o	r	k	e	d	 	t	h	e	r	e	 	f	o	r	 	t	w	o	 	y	e	a	r	s	.	 	T	h	e	y	 	d	o	n	’	t	 	h	a	v	e	 	t	h	e	 	m	o	s	t	 	m	o	d	e	r	n	 	o	r	 	f	a	s	t	 	p	a	c	e	d	 	e	n	v	i	r	o	n	m	e	n	t	 	(	b	a	n	k	i	n	g	 	r	e	g	u	l	a	t	i	o	n	s	 	=	 	s	l	o	w	)	 	.	 	T	h	e	i	r	 	t	e	c	h	n	o	l	o	g	y	 	s	t	a	c	k	 	i	s	 	a	c	t	u	a	l	l	y	 	b	e	t	t	e	r	 	t	h	a	n	 	m	o	s	t	 	o	t	h	e	r	 	b	a	n	k	s	 	a	n	d	 	t	h	e	 	p	e	o	p	l	e	 	w	h	o	 	w	o	r	k	 	t	h	e	r	e	 	a	r	e	 	p	r	e	t	t	y	 	s	m	a	r	t	 	c	o	o	k	i	e	s	.	 	O	n	e	 	o	f	 	m	y	 	f	o	r	m	e	r	 	c	o	w	o	r	k	e	r	 	c	o	u	l	d	 	e	a	s	i	l	y	 	h	a	v	e	 	w	o	r	k	e	d	 	a	t	 	G	o	o	g	l	e	.	 	T	h	e	 	p	a	y	 	i	s	 	s	u	b	p	a	r	 	b	u	t	 	f	o	r	 	a	 	f	i	r	s	t	 	j	o	b	 	i	t	’	s	 	1	1	/	1	0	 	w	h	e	n	 	i	t	 	c	o	m	e	s	 	t	o	 	b	e	n	e	f	i	t	s	 	a	n	d	 	c	u	l	t	u	r	e	.	 	Y	o	u	r	 	m	a	n	a	g	e	r	 	c	a	r	e	s	 	a	b	o	u	t	 	y	o	u	 	a	n	d	 	y	o	u	r	 	c	o	w	o	r	k	e	r	s	 	a	l	w	a	y	s	 	w	a	n	t	 	y	o	u	 	t	o	 	g	r	o	w	.U	S	A	A	 	i	s	 	a	 	g	r	e	a	t	 	c	h	o	i	c	e	.	 	I	 	w	o	r	k	e	d	 	t	h	e	r	e	 	f	o	r	 	t	w	o	 	y	e	a	r	s	.	 	T	h	e	y	 	d	o	n	’	t	 	h	a	v	e	 	t	h	e	 	m	o	s	t	 	m	o	d	e	r	n	 	o	r	 	f	a	s	t	 	p	a	c	e	d	 	e	n	v	i	r	o	n	m	e	n	t	 	(	b	a	n	k	i	n	g	 	r	e	g	u	l	a	t	i	o	n	s	 	=	 	s	l	o	w	)	 	.	 	T	h	e	i	r	 	t	e	c	h	n	o	l	o	g	y	 	s	t	a	c	k	 	i	s	 	a	c	t	u	a	l	l	y	 	b	e	t	t	e	r	 	t	h	a	n	 	m	o	s	t	 	o	t	h	e	r	 	b	a	n	k	s	 	a	n	d	 	t	h	e	 	p	e	o	p	l	e	 	w	h	o	 	w	o	r	k	 	t	h	e	r	e	 	a	r	e	 	p	r	e	t	t	y	 	s	m	a	r	t	 	c	o	o	k	i	e	s	.	 	O	n	e	 	o	f	 	m	y	 	f	o	r	m	e	r	 	c	o	w	o	r	k	e	r	 	c	o	u	l	d	 	e	a	s	i	l	y	 	h	a	v	e	 	w	o	r	k	e	d	 	a	t	 	G	o	o	g	l	e	.	 	T	h	e	 	p	a	y	 	i	s	 	s	u	b	p	a	r	 	b	u	t	 	f	o	r	 	a	 	f	i	r	s	t	 	j	o	b	 	i	t	’	s	 	1	1	/	1	0	 	w	h	e	n	 	i	t	 	c	o	m	e	s	 	t	o	 	b	e	n	e	f	i	t	s	 	a	n	d	 	c	u	l	t	u	r	e	.	 	Y	o	u	r	 	m	a	n	a	g	e	r	 	c	a	r	e	s	 	a	b	o	u	t	 	y	o	u	 	a	n	d	 	y	o	u	r	 	c	o	w	o	r	k	e	r	s	 	a	l	w	a	y	s	 	w	a	n	t	 	y	o	u	 	t	o	 	g	r	o	w	.A	p	p	a	r	e	n	t	l	y	 	R	e	d	d	i	t	 	i	s	 	F	a	c	e	b	o	o	k	 	n	o	w	.	.	.Y	'	a	l	l	 	a	r	e	 	a	w	a	r	e	 	t	h	a	t	 	h	e	'	s	 	a	 	S	e	n	a	t	o	r	 	w	h	o	 	s	p	e	n	d	s	 	9	0	%	 	o	f	 	h	i	s	 	t	i	m	e	 	a	w	a	y	 	f	r	o	m	 	T	e	x	a	s	 	(	i	n	 	D	C	)	 	a	n	y	w	a	y	,	 	r	i	g	h	t	?	 	 	W	a	s	 	h	e	 	s	u	p	p	o	s	e	d	 	t	o	 	f	l	y	 	d	o	w	n	 	h	e	r	e	 	a	n	d	 	f	r	e	e	z	e	 	w	i	t	h	 	u	s	 	i	n	 	u	n	i	t	y	?	 	 	C	o	m	e	 	d	o	w	n	 	h	e	r	e	 	a	n	d	 	t	a	k	e	 	u	p	 	e	v	e	n	 	m	o	r	e	 	g	a	s	,	 	w	a	t	e	r	 	a	n	d	 	p	o	w	e	r	 	r	e	s	o	u	r	c	e	s	 	t	h	a	t	 	w	e	 	d	o	n	'	t	 	h	a	v	e	?	 	 	l	o	l	,	 	c	'	m	o	n	 	n	o	w	.	 	 	 	I	t	 	w	o	u	l	d	 	b	e	 	o	n	e	 	t	h	i	n	g	 	i	f	 	t	h	e	r	e	 	w	a	s	 	a	c	t	u	a	l	l	y	 	s	o	m	e	t	h	i	n	g	 	o	f	 	s	u	b	s	t	a	n	c	e	 	f	o	r	 	h	i	m	 	t	o	 	d	o	 	d	o	w	n	 	h	e	r	e	.	 	B	u	t	 	t	h	e	r	e	 	r	e	a	l	l	y	 	i	s	n	'	t	.	 	 	 	A	l	l	 	h	e	 	c	a	n	 	d	o	 	i	s	 	m	a	k	e	 	p	h	o	n	e	 	c	a	l	l	s	 	a	n	d	 	s	e	n	d	 	e	m	a	i	l	s	.	 	 	A	n	d	 	h	e	 	c	a	n	 	d	o	 	t	h	a	t	 	f	r	o	m	 	a	n	y	w	h	e	r	e	.T	h	e	y	 	a	r	e	n	'	t	 	o	f	f	i	c	i	a	l	l	y	 	o	p	e	n	 	u	n	t	i	l	 	J	a	n	,	 	b	u	t	 	t	h	e	s	e	 	f	o	l	k	s	 	a	r	e	 	g	r	e	a	t	.	 	 	H	i	g	h	l	y	 	r	e	c	o	m	m	e	n	d	!	
	
	h	t	t	p	s	:	/	/	w	w	w	.	f	a	c	e	b	o	o	k	.	c	o	m	/	h	q	m	o	b	i	l	e	s	a	l	o	nT	h	i	s	 	i	s	 	p	a	t	e	n	t	l	y	 	f	a	l	s	e	,	 	H	a	r	r	i	s	 	a	n	d	 	D	a	l	l	a	s	 	c	o	u	n	t	i	e	s	 	h	a	v	e	 	m	u	c	h	 	h	i	g	h	e	r	 	r	a	t	e	s	.	
	
	S	o	u	r	c	e	:	 	h	t	t	p	s	:	/	/	t	x	d	s	h	s	.	m	a	p	s	.	a	r	c	g	i	s	.	c	o	m	/	a	p	p	s	/	o	p	s	d	a	s	h	b	o	a	r	d	/	i	n	d	e	x	.	h	t	m	l	#	/	e	d	4	8	3	e	c	d	7	0	2	b	4	2	9	8	a	b	0	1	e	8	b	9	c	a	f	c	8	b	8	3	
	
	A	n	d	 	y	o	u	 	d	a	r	e	 	s	m	e	a	r	 	o	u	r	 	b	e	a	u	t	i	f	u	l	 	r	i	v	e	r	s	,	 	y	o	u	 	s	e	l	f	-	l	o	a	t	h	i	n	g	 	m	i	s	e	r	?L	o	o	k	 	u	p	 	a	 	z	i	p	 	c	o	d	e	 	w	e	a	l	t	h	 	m	a	pI	m	 	d	o	w	n	 	b	u	t	.	.	.	d	a	 	f	u	q	s	 	u	p	 	w	i	t	h	 	t	h	a	t	 	p	h	o	n	e	 	n	u	m	b	e	rN	g	l	,	 	p	o	s	t	 	i	t	 	o	n	 	t	h	e	 	S	a	n	 	A	n	t	o	n	i	o	 	E	m	o	 	k	i	d	s	 	p	a	g	e	 	o	n	 	F	a	c	e	b	o	o	k	 	a	n	d	 	y	o	u	 	m	i	g	h	t	 	g	e	t	 	a	 	h	i	t	.	 	T	h	e	r	e	’	s	 	a	 	l	o	t	 	o	f	 	o	v	e	r	l	a	p	 	i	n	 	t	h	a	t	 	g	r	o	u	pY	e	a	h	 	I	 	h	a	v	e	 	t	w	o	 	b	u	t	 	t	h	e	y	'	r	e	 	b	o	t	h	 	c	l	a	s	s	e	s	 	t	h	a	t	 	c	a	n	 	b	o	t	h	 	b	e	 	d	o	n	e	 	a	t	 	h	o	m	e	.	 	C	o	m	p	u	t	e	r	 	B	u	s	i	n	e	s	s	 	(	m	a	n	d	a	t	o	r	y	 	c	l	a	s	s	)	 	a	n	d	 	a	n	 	a	r	t	 	o	n	e	.	 	G	u	e	s	s	 	I	 	g	e	t	 	t	o	 	w	o	r	k	 	o	n	 	t	h	a	t	 	p	r	o	j	e	c	t	 	t	h	o	u	g	h	.	 	S	o	 	n	o	 	w	o	r	r	i	e	s	.	 K	e	e	p	 	i	n	 	m	i	n	d	 	i	t	’	s	 	w	a	y	 	c	h	e	a	p	e	r	 	f	o	r	 	y	o	u	r	 	A	/	C	 	c	o	m	p	a	n	y	 	t	o	 	t	e	l	l	 	y	o	u	 	t	h	e	r	e	 	i	s	n	’	t	 	a	 	p	r	o	b	l	e	m	 	a	n	d	 	i	t	’	s	 	j	u	s	t	 	s	o	m	e	t	h	i	n	g	 	y	o	u	 	h	a	v	e	 	t	o	 	d	e	a	l	 	w	i	t	h	 	t	h	a	n	 	i	t	 	i	s	 	t	o	 	s	e	n	d	 	s	o	m	e	o	n	e	 	o	u	t	 	a	n	d	 	p	o	s	s	i	b	l	y	 	f	i	n	d	 	a	 	r	e	a	l	 	i	s	s	u	e	 	t	h	a	t	 	t	h	e	y	 	h	a	v	e	 	t	o	 	c	o	r	r	e	c	t	 	u	n	d	e	r	 	w	a	r	r	a	n	t	y	.	
	
	I	 	r	a	n	 	i	n	t	o	 	t	h	i	s	 	s	a	m	e	 	s	i	t	u	a	t	i	o	n	 	w	i	t	h	 	m	y	 	f	i	r	s	t	 	n	e	w	-	c	o	n	s	t	r	u	c	t	i	o	n	 	h	o	m	e	.	 	 	I	 	I	 	h	a	d	 	a	 	r	o	o	m	 	t	h	a	t	 	w	a	s	 	a	l	w	a	y	s	 	w	a	r	m	e	r	 	t	h	a	n	 	a	l	l	 	t	h	e	 	o	t	h	e	r	s	 	—	 	c	a	l	l	e	d	 	t	h	e	 	A	/	C	 	c	o	m	p	a	n	y	 	t	o	 	c	h	e	c	k	 	i	t	 	o	u	t	 	(	w	i	t	h	i	n	 	t	h	e	 	f	i	r	s	t	 	y	e	a	r	)	 	a	n	d	 	t	h	e	y	 	s	h	o	w	e	d	 	u	p	 	w	i	t	h	 	a	l	l	 	s	o	r	t	s	 	o	f	 	g	a	d	g	e	t	s	 	a	n	d	 	g	i	z	m	o	s	 	t	o	 	g	e	t	 	d	i	f	f	e	r	e	n	t	 	r	e	a	d	i	n	g	s	 	t	o	 	t	e	l	l	 	m	e	 	i	t	 	w	a	s	 	w	i	t	h	i	n	 	s	p	e	c	.	 	 	T	h	e	y	 	a	l	s	o	 	t	h	r	e	w	 	i	n	 	o	t	h	e	r	 	n	o	n	s	e	n	s	i	c	a	l	 	r	e	a	s	o	n	s	 	l	i	k	e	 	g	e	t	t	i	n	g	 	m	o	r	e	 	s	u	n	 	t	h	a	n	 	o	t	h	e	r	 	r	o	o	m	s	 	(	e	v	e	n	 	t	h	o	u	g	h	 	i	t	 	s	h	a	r	e	d	 	a	 	w	a	l	l	 	w	i	t	h	 	t	w	o	 	o	t	h	e	r	 	b	e	d	r	o	o	m	s	 	t	h	a	t	 	d	i	d	n	’	t	 	h	a	v	e	 	c	o	o	l	i	n	g	 	i	s	s	u	e	s	)	.	 	 	B	a	s	i	c	a	l	l	y	 	t	h	e	y	 	g	a	v	e	 	m	e	 	a	 	b	i	g	 	l	i	s	t	 	o	f	 	r	e	a	s	o	n	s	 	w	h	y	 	t	h	e	y	 	s	h	o	u	l	d	n	’	t	 	h	a	v	e	 	t	o	 	d	o	 	a	n	y	 	a	c	t	u	a	l	 	w	o	r	k	.	 	 	N	o	t	e	 	t	h	a	t	 	a	t	 	n	o	 	p	o	i	n	t	 	d	i	d	 	t	h	e	y	 	e	v	e	n	 	l	o	o	k	 	a	t	 	t	h	e	 	u	n	i	t	 	o	r	 	d	u	c	t	 	w	o	r	k	 	i	n	 	t	h	e	 	a	t	t	i	c	.	
	
	 	 	F	a	s	t	 	f	o	r	w	a	r	d	 	a	 	c	o	u	p	l	e	 	m	o	n	t	h	s	 	w	h	e	r	e	 	I	 	p	a	y	 	a	 	s	e	p	a	r	a	t	e	 	c	o	m	p	a	n	y	 	t	o	 	c	o	m	e	 	a	n	d	 	c	h	e	c	k	 	e	v	e	r	y	t	h	i	n	g	 	o	u	t	.	 	T	h	i	r	d	 	p	a	r	t	y	 	t	e	c	h	 	f	i	n	d	s	 	t	h	e	 	s	u	p	p	l	y	 	f	o	r	 	t	h	e	 	r	o	o	m	 	s	e	v	e	r	e	l	y	 	k	i	n	k	e	d	 	b	y	 	a	 	t	i	e	/	s	t	r	a	p	.	 	E	s	s	e	n	t	i	a	l	l	y	 	t	h	e	 	i	n	s	t	a	l	l	e	r	s	 	r	a	n	 	d	u	c	t	 	w	o	r	k	 	t	o	 	t	h	e	 	r	o	o	m	 	t	h	a	t	 	w	a	s	 	t	o	o	 	s	h	o	r	t	.	 	I	t	 	w	a	s	 	l	o	n	g	 	e	n	o	u	g	h	 	t	o	 	r	e	a	c	h	 	t	h	e	 	r	e	g	i	s	t	e	r	 	b	u	t	 	w	i	t	h	 	n	o	 	s	l	a	c	k	 	t	o	 	c	o	m	p	e	n	s	a	t	e	 	f	o	r	 	l	o	s	s	 	w	h	e	n	 	s	u	s	p	e	n	d	e	d	 	f	r	o	m	 	t	h	e	 	r	o	o	f	.	 	 	
	
	I	t	 	w	o	u	l	d	 	h	a	v	e	 	t	a	k	e	n	 	t	h	e	 	t	e	c	h	s	 	f	r	o	m	 	t	h	e	 	o	r	i	g	i	n	a	l	 	c	o	m	p	a	n	y	 	9	0	 	s	e	c	o	n	d	s	 	i	n	 	t	h	e	 	a	t	t	i	c	 	t	o	 	i	d	e	n	t	i	f	y	 	t	h	e	 	p	r	o	b	l	e	m	,	 	b	u	t	 	t	h	e	y	 	w	e	r	e	 	s	o	 	p	r	o	g	r	a	m	m	e	d	 	i	n	t	o	 	t	h	i	n	k	i	n	g	 	“	i	t	 	m	e	e	t	s	 	s	p	e	c	s	”	 	a	n	d	 	l	i	k	e	l	y	 	f	o	c	u	s	e	d	 	o	n	 	s	o	m	e	 	s	o	r	t	 	o	f	 	s	e	r	v	i	c	e	 	c	a	l	l	/	t	i	m	e	 	o	r	 	c	l	o	s	e	 	r	a	t	e	 	m	e	t	r	i	c	 	t	h	e	y	 	d	i	d	n	’	t	 	s	t	o	p	 	t	o	 	c	o	n	s	i	d	e	r	 	a	n	y	t	h	i	n	g	 	e	l	s	e	.I	n	d	u	c	e	d	 	d	e	m	a	n	d	 	 	 	
	
	
	[	h	t	t	p	s	:	/	/	s	c	h	o	l	a	r	.	g	o	o	g	l	e	.	c	o	m	/	s	c	h	o	l	a	r	?	q	=	i	n	d	u	c	e	d	+	d	e	m	a	n	d	+	t	r	a	f	f	i	c	&	a	m	p	;	h	l	=	e	n	&	a	m	p	;	a	s	\	_	s	d	t	=	0	&	a	m	p	;	a	s	\	_	v	i	s	=	1	&	a	m	p	;	o	i	=	s	c	h	o	l	a	r	t	]	(	h	t	t	p	s	:	/	/	s	c	h	o	l	a	r	.	g	o	o	g	l	e	.	c	o	m	/	s	c	h	o	l	a	r	?	q	=	i	n	d	u	c	e	d	+	d	e	m	a	n	d	+	t	r	a	f	f	i	c	&	a	m	p	;	h	l	=	e	n	&	a	m	p	;	a	s	_	s	d	t	=	0	&	a	m	p	;	a	s	_	v	i	s	=	1	&	a	m	p	;	o	i	=	s	c	h	o	l	a	r	t	)H	i	s	 	p	o	s	t	 	i	s	 	c	a	u	g	h	t	 	i	n	 	t	h	e	 	s	p	a	m	 	f	i	l	t	e	r	,	 	b	u	t	 	y	o	u	 	c	a	n	 	s	e	e	 	i	t	 	f	r	o	m	 	h	i	s	 	[	p	r	o	f	i	l	e	 	p	a	g	e	]	(	/	u	/	S	A	U	r	b	a	n	F	a	r	m	i	n	g	)	.	 	H	e	r	e	 	i	s	 	w	h	a	t	 	i	t	 	s	a	y	s	:	
	
	&	g	t	;	I	 	f	i	r	s	t	 	l	e	a	r	n	e	d	 	o	f	 	h	y	d	r	o	p	o	n	i	c	s	 	w	h	i	l	e	 	i	n	 	h	i	g	h	 	s	c	h	o	o	l	,	 	f	o	r	 	a	n	 	e	x	p	e	r	i	m	e	n	t	.	 	I	 	g	r	e	w	 	2	 	s	e	t	s	 	o	f	 	t	o	m	a	t	o	e	s	 	a	n	d	 	l	e	t	t	u	c	e	 	o	n	e	 	h	y	d	r	o	p	o	n	i	c	a	l	l	y	 	a	n	d	 	a	n	o	t	h	e	r	 	i	n	 	s	o	i	l	.	 	T	h	e	 	s	e	t	 	g	r	o	w	n	 	h	y	d	r	o	p	o	n	i	c	a	l	l	y	 	o	u	t	p	e	r	f	o	r	m	e	d	 	t	h	e	 	s	e	t	 	g	r	o	w	n	 	i	n	 	s	o	i	l	 	i	n	 	b	o	t	h	 	s	i	z	e	 	a	n	d	 	o	v	e	r	a	l	l	 	y	i	e	l	d	.	 	T	h	a	t	 	w	a	s	 	s	e	v	e	r	a	l	 	y	e	a	r	s	 	a	g	o	.	 	S	i	n	c	e	 	t	h	e	n	 	I	 	h	a	v	e	 	d	e	s	i	g	n	e	d	 	a	n	d	 	b	u	i	l	t	 	m	y	 	o	w	n	 	h	y	d	r	o	p	o	n	i	c	 	s	y	s	t	e	m	s	,	 	I	'	m	 	b	y	 	n	o	 	m	e	a	n	s	 	a	n	 	'	e	x	p	e	r	t	'	 	b	u	t	 	I	 	d	o	 	h	a	v	e	 	e	x	p	e	r	i	e	n	c	e	 	g	r	o	w	i	n	g	 	t	o	m	a	t	o	e	s	,	 	c	u	c	u	m	b	e	r	s	,	 	l	e	t	t	u	c	e	 	a	n	d	 	o	t	h	e	r	 	p	r	o	d	u	c	e	 	w	i	t	h	 	g	r	e	a	t	 	r	e	s	u	l	t	s	,	 	u	s	i	n	g	 	m	y	 	s	y	s	t	e	m	s	.	 	A	 	f	e	w	 	e	x	a	m	p	l	e	s	 	h	e	r	e	:	 	w	w	w	.	f	a	c	e	b	o	o	k	.	c	o	m	/	s	a	u	r	b	a	n	f	a	r	m	i	n	gI	 	f	e	e	l	 	l	i	k	e	 	a	 	r	e	c	k	l	e	s	s	 	d	r	i	v	e	r	 	s	o	m	e	t	i	m	e	s	 	p	e	r	s	o	n	a	l	l	y	.	 	 	T	h	e	 	t	r	u	t	h	 	i	s	 	I	'	m	 	j	u	s	t	 	t	r	y	i	n	g	 	t	o	 	a	l	m	o	s	t	 	g	o	 	t	h	e	 	s	p	e	e	d	 	l	i	m	i	t	,	 	n	o	t	 	2	0	 	t	o	 	3	0	 	m	i	l	e	s	 	u	n	d	e	r	.	 	 	I	 	g	e	n	e	r	a	l	l	y	 	c	o	u	n	t	 	h	o	w	 	m	a	n	y	 	p	e	o	p	l	e	 	I	 	s	e	e	 	t	a	l	k	i	n	g	 	o	n	 	t	h	e	 	p	h	o	n	e	 	a	n	d	 	n	o	t	 	p	a	y	i	n	g	 	a	t	t	e	n	t	i	o	n	 	(	g	o	i	n	g	 	2	0	-	3	0	 	u	n	d	e	r	 	t	h	e	 	s	p	e	e	d	 	l	i	m	i	t	)	.	 	 	I	t	 	i	s	 	a	b	o	u	t	 	1	 	i	n	 	4	.	 	 	I	t	s	 	h	a	r	d	 	t	o	 	t	e	l	l	 	s	o	m	e	t	i	m	e	s	 	b	e	c	a	u	s	e	 	I	'	m	 	t	r	y	i	n	g	 	t	o	 	w	a	t	c	h	 	t	h	e	 	r	o	a	d	,	 	b	u	t	 	m	o	s	t	 	t	i	m	e	s	 	i	t	 	i	s	 	b	l	a	t	a	n	t	l	y	 	o	b	v	i	o	u	s	 	b	e	c	a	u	s	e	 	o	f	 	t	h	e	i	r	 	d	r	i	v	i	n	g	 	h	a	b	i	t	.7	8	2	5	4	 	w	i	t	h	 	G	o	o	g	l	e	 	F	i	b	e	r	 	f	o	r	 	3	+	 	y	e	a	r	s	 	a	n	d	 	I	’	v	e	 	h	a	d	 	t	w	o	 	o	r	 	t	h	r	e	e	 	o	u	t	a	g	e	s	 	t	o	t	a	l	.O	o	h	,	 	I	 	w	a	s	 	a	s	k	i	n	g	 	a	 	r	h	e	t	o	r	i	c	a	l	 	q	u	e	s	t	i	o	n	 	b	u	t	 	I	 	a	p	p	r	e	c	i	a	t	e	 	t	h	e	 	w	o	r	k	 	y	o	u	 	p	u	t	 	i	n	 	t	o	 	c	a	l	c	u	l	a	t	e	 	t	h	e	 	n	u	m	b	e	r	s	!	 	 	M	y	 	p	o	i	n	t	 	i	s	 	t	h	a	t	 	a	 	s	i	m	p	l	e	 	c	a	s	e	 	c	o	u	n	t	 	d	o	e	s	 	n	o	t	 	a	c	c	o	u	n	t	 	f	o	r	 	t	h	e	 	i	m	p	r	o	v	e	m	e	n	t	 	i	n	 	t	e	c	h	n	o	l	o	g	y	 	a	n	d	 	s	c	i	e	n	c	e	 	r	e	g	a	r	d	i	n	g	 	t	h	e	 	e	v	o	l	v	i	n	g	 	s	u	r	v	i	v	a	b	i	l	i	t	y	 	r	a	t	e	 	f	o	r	 	c	o	n	t	r	a	c	t	i	n	g	 	t	h	e	 	v	i	r	u	s	.T	h	e	r	e	 	a	r	e	 	s	e	v	e	r	a	l	 	g	o	o	d	 	d	i	s	c	 	g	o	l	f	 	c	o	u	r	s	e	s	 	a	r	o	u	n	d	 	U	C	.	 	G	r	e	a	t	 	w	a	y	 	t	o	 	m	e	e	t	 	l	o	c	a	l	s	,	 	e	x	p	l	o	r	e	 	t	h	e	 	p	a	r	k	s	,	 	a	n	d	 	h	a	n	g	 	o	u	t	.	
	
	I	'	d	 	a	l	s	o	 	c	h	e	c	k	 	o	u	t	 	G	e	e	k	d	o	m	 	i	n	 	d	o	w	n	t	o	w	n	 	S	a	n	 	A	n	t	o	n	i	o	.	 	A	 	b	i	t	 	o	f	 	a	 	d	r	i	v	e	,	 	b	u	t	 	t	h	e	r	e	 	y	o	u	 	w	i	l	l	 	f	i	n	d	 	a	 	c	o	m	m	u	n	i	t	y	 	o	f	 	f	o	l	k	s	 	t	h	a	t	 	h	o	s	t	 	g	a	m	e	 	n	i	g	h	t	s	,	 	t	e	c	h	 	m	e	e	t	u	p	s	,	 	m	o	v	i	e	 	n	i	g	h	t	s	,	 	a	n	d	 	o	t	h	e	r	 	c	o	o	l	 	s	t	u	f	f	.	 	M	o	s	t	 	o	f	 	t	h	e	 	p	e	o	p	l	e	 	I	 	k	n	o	w	 	I	 	m	e	t	 	t	h	r	o	u	g	h	 	G	e	e	k	d	o	m	.	
	
	N	o	r	t	h	w	o	o	d	s	 	(	1	6	0	4	 	a	n	d	 	2	8	1	 	a	r	e	a	)	 	h	a	s	 	a	 	i	c	e	 	r	i	n	k	,	 	a	r	c	a	d	e	 	a	r	e	a	,	 	a	n	d	 	o	t	h	e	r	 	f	u	n	 	s	t	u	f	f	 	t	o	 	d	o	.	 T	h	e	r	e	 	a	r	e	 	n	o	 	r	e	s	t	r	i	c	t	i	o	n	s	 	i	n	 	A	l	a	m	o	 	p	l	a	z	a	.	 	T	h	e	 	p	i	l	o	t	 	o	f	 	t	h	e	 	d	r	o	n	e	 	h	a	s	 	a	n	 	F	A	A	 	l	i	c	e	n	s	e	.	 	C	h	e	c	k	e	d	 	t	h	r	e	e	 	d	i	f	f	e	r	e	n	t	 	a	p	p	s	 	b	e	f	o	r	e	 	f	l	y	i	n	g	.D	a	m	n	 	7	4	$	 	?	 	G	o	o	g	l	e	 	f	i	b	e	r	 	i	s	 	b	e	t	t	e	r	 	I	 	t	h	i	n	kJ	u	s	t	 	a	d	d	e	d	 	t	o	 	m	y	 	'	W	a	n	t	 	t	o	 	G	o	'	 	l	i	s	t	 	o	n	 	G	o	o	g	l	e	 	M	a	p	s	.	 	T	h	a	n	k	s	 	f	o	r	 	t	h	e	 	s	u	g	g	e	s	t	i	o	n	!R	e	a	l	l	y	?	 	T	h	a	t	'	s	 	t	h	e	 	p	i	c	 	y	o	u	 	c	h	o	s	e	 	f	r	o	m	 	G	o	o	g	l	e	 	I	m	a	g	e	s	?	 	N	o	t	 	[	t	h	i	s	]	(	h	t	t	p	s	:	/	/	i	m	a	g	e	s	.	a	p	p	.	g	o	o	.	g	l	/	n	k	8	m	v	A	N	f	m	Y	p	n	A	s	a	w	5	)	 	o	r	 	[	t	h	i	s	]	(	h	t	t	p	s	:	/	/	i	m	a	g	e	s	.	a	p	p	.	g	o	o	.	g	l	/	k	d	j	B	R	C	T	t	y	s	G	5	v	y	A	r	6	)	?&	g	t	;	 	 	y	o	u	'	l	l	 	b	e	 	s	p	o	t	t	e	d	 	b	y	 	f	o	l	k	s	 	y	o	u	 	k	n	o	w	,	 	a	s	 	t	h	e	r	e	'	s	 	n	o	t	 	m	u	c	h	 	a	n	o	n	y	m	i	t	y	 	h	e	r	e	 	(	i	.	e	.	,	 	e	v	e	r	y	o	n	e	 	s	e	e	m	s	 	t	o	 	k	n	o	w	 	e	v	e	r	y	o	n	e	)	
	
	I	'	d	 	b	e	t	 	m	o	n	e	y	 	w	e	 	e	i	t	h	e	r	 	h	a	v	e	 	a	 	f	e	w	 	m	u	t	u	a	l	 	f	r	i	e	n	d	s	 	o	n	 	f	a	c	e	b	o	o	k	 	o	r	 	a	l	r	e	a	d	y	 	k	n	o	w	 	e	a	c	h	 	o	t	h	e	r	.	 	 	A	n	d	 	i	f	 	n	o	t	.	.	.	W	H	Y	 	N	O	T	?	 	Y	o	u	 	s	o	u	n	d	 	c	o	o	l	!	 A	s	 	a	n	 	H	V	A	C	 	t	e	c	h	 	I	 	f	u	c	k	i	n	g	 	h	a	t	e	 	w	a	s	p	 	w	i	t	h	 	a	 	p	a	s	s	i	o	n	.	 	J	u	s	t	 	l	a	s	t	 	m	o	n	t	h	 	I	 	c	l	i	m	b	e	d	 	a	 	n	e	a	r	l	y	 	3	0	 	f	o	o	t	 	l	a	d	d	e	r	 	o	n	 	t	h	e	 	s	i	d	e	 	o	f	 	a	 	b	u	i	l	d	i	n	g	 	o	n	l	y	 	t	o	 	f	i	n	d	 	t	h	a	t	 	o	n	 	t	h	e	 	v	e	r	y	 	l	a	s	t	 	r	u	n	g	 	w	a	s	 	t	h	e	 	l	a	r	g	e	s	t	 	n	e	s	t	 	r	i	g	h	t	 	w	h	e	r	e	 	I	 	w	a	s	 	a	b	o	u	t	 	t	o	 	g	r	a	b	.	 	T	h	e	y	 	w	e	r	e	 	p	i	s	s	e	d	 	a	n	d	 	I	 	a	l	m	o	s	t	 	f	e	l	l	.	 	H	a	d	 	t	o	 	c	l	i	m	b	 	b	a	c	k	 	u	p	 	w	i	t	h	 	w	a	s	p	 	s	p	r	a	y	 	a	n	d	 	t	e	n	 	f	e	e	t	 	a	w	a	y	 	s	p	r	a	y	 	t	h	e	m	 	w	i	t	h	 	p	o	i	s	o	n	 	a	n	d	 	d	e	a	d	 	w	a	s	p	 	r	a	i	n	i	n	g	 	o	n	 	m	e	.	 	T	h	i	s	 	i	s	n	'	t	 	t	h	e	 	f	i	r	s	t	 	t	i	m	e	 	s	o	m	e	t	h	i	n	g	 	l	i	k	e	 	t	h	a	t	 	h	a	p	p	e	n	e	d	 	e	i	t	h	e	r	.	
	
	G	r	a	b	b	e	d	 	a	 	l	a	d	d	e	r	 	b	e	f	o	r	e	 	t	h	a	t	 	w	i	t	h	 	a	 	n	e	s	t	 	I	 	d	i	d	n	'	t	 	k	n	o	w	 	a	b	o	u	t	,	 	s	w	a	r	m	e	d	 	a	g	a	i	n	.	 	L	a	s	t	 	w	e	e	k	 	I	 	w	a	s	 	a	t	 	a	 	c	l	o	s	e	d	 	b	u	s	i	n	e	s	s	 	s	o	 	w	e	n	t	 	a	r	o	u	n	d	 	b	a	c	k	 	t	o	 	t	a	k	e	 	a	 	p	i	s	s	 	a	n	d	 	w	a	l	k	 	a	w	a	y	 	t	o	 	f	i	n	d	 	a	 	g	i	a	n	t	 	r	e	d	 	w	a	s	p	 	n	e	s	t	,	 	t	h	e	y	 	s	w	a	r	m	e	d	 	m	e	 	a	n	d	 	I	 	r	a	n	.	 	I	 	c	a	m	e	 	b	a	c	k	 	w	i	t	h	 	w	a	s	p	 	s	p	r	a	y	 	a	n	d	 	k	i	l	l	e	d	 	t	h	e	m	 	o	u	t	 	o	f	 	s	p	i	t	e	.	 	F	u	c	k	.	w	a	s	p	.h	t	t	p	s	:	/	/	w	w	w	.	w	a	l	m	a	r	t	.	c	o	m	/	i	p	/	R	i	d	g	i	d	-	T	o	i	l	e	t	-	A	u	g	e	r	s	-	4	8	-	i	n	-	L	/	1	9	2	8	8	9	4	8	
	
	I	'	v	e	 	u	s	e	d	 	s	o	m	e	t	h	i	n	g	 	s	i	m	i	l	a	r	 	t	o	 	t	h	i	s	.	 	I	 	h	a	d	 	a	 	f	e	e	l	i	n	g	 	m	y	 	k	i	d	s	 	w	e	r	e	 	f	l	u	s	h	i	n	g	 	t	h	i	n	g	s	 	d	o	w	n	 	t	h	e	 	t	o	i	l	e	t	 	b	u	t	 	w	a	s	n	'	t	 	s	u	r	e	,	 	w	h	e	n	 	I	 	u	s	e	d	 	i	t	 	I	 	g	o	t	 	o	u	t	 	a	 	t	o	y	 	p	h	o	n	e	 	a	n	d	 	a	 	d	a	m	n	 	p	e	n	c	i	l	,	 	w	h	o	 	k	n	o	w	s	 	w	h	a	t	 	e	l	s	e	 	t	h	e	y	 	h	a	d	 	f	l	u	s	h	e	d	.S	o	l	d	 	m	e	 	w	i	t	h	 	R	y	a	n	 	B	i	n	g	h	a	m	.	 	 	T	h	a	t	 	g	u	y	 	h	a	s	 	t	h	e	 	c	o	o	l	e	s	t	 	v	o	i	c	e	,	 	p	l	u	s	 	h	e	'	s	 	a	 	v	e	r	y	 	c	o	o	l	 	f	e	l	l	o	w	 	t	o	 	f	o	l	l	o	w	 	o	n	 	F	a	c	e	b	o	o	k	!	 	
	
	H	e	r	e	 	i	s	 	a	 	g	o	o	d	 	o	n	e	 	f	r	o	m	 	H	i	m	.	 	h	t	t	p	s	:	/	/	w	w	w	.	y	o	u	t	u	b	e	.	c	o	m	/	w	a	t	c	h	?	v	=	j	H	n	S	j	9	L	s	6	p	UG	e	t	 	o	n	 	t	h	e	 	p	h	o	n	e	 	a	n	d	 	s	t	a	r	t	 	c	o	m	p	l	a	i	n	i	n	g	.	 	M	i	g	h	t	 	g	e	t	 	a	 	c	r	e	d	i	t	 	o	r	 	s	o	m	e	t	h	i	n	gS	e	c	o	n	d	 	L	o	o	k	s	
	
	K	i	d	 	t	o	 	K	i	d	
	
	S	w	e	e	t	 	R	e	p	e	a	t	s	
	
	O	n	c	e	 	u	p	o	n	 	a	 	c	h	i	l	d	
	
	F	a	c	e	b	o	o	k	 	m	a	r	k	e	t	p	l	a	c	e	
	
	o	f	f	e	r	u	pI	 	a	m	 	u	s	i	n	g	 	s	e	l	e	n	i	u	m	 	t	o	 	a	u	t	o	m	a	t	i	c	a	l	l	y	 	f	i	l	l	 	i	n	 	t	h	e	 	G	o	o	g	l	e	 	F	i	b	e	r	 	w	e	b	s	i	t	e	 	w	i	t	h	 	a	n	 	a	d	d	r	e	s	s	 	a	n	d	 	c	l	i	c	k	 	s	u	b	m	i	t	,	 	t	h	e	n	 	r	e	a	d	i	n	g	 	t	h	e	 	r	e	s	u	l	t	i	n	g	 	w	e	b	s	i	t	e	 	t	o	 	s	e	e	 	i	f	 	t	h	a	t	 	a	d	d	r	e	s	s	 	h	a	s	 	s	e	r	v	i	c	e	.	
	
	I	n	 	o	r	d	e	r	 	t	o	 	g	e	t	 	a	d	d	r	e	s	s	e	s	 	t	o	 	p	u	n	c	h	 	i	n	 	a	c	r	o	s	s	 	t	h	e	 	w	h	o	l	e	 	c	i	t	y	,	 	I	'	m	 	u	s	i	n	g	 	G	o	o	g	l	e	'	s	 	g	o	e	c	o	d	i	n	g	 	A	P	I	 	t	o	 	t	a	k	e	 	a	 	s	e	r	i	e	s	 	o	f	 	G	P	S	 	C	o	o	r	d	i	n	a	t	e	s	 	a	n	d	 	r	e	v	e	r	s	e	_	g	e	o	c	o	d	e	 	t	h	e	m	 	i	n	t	o	 	a	d	d	r	e	s	s	e	s	.	 	
	
	B	e	l	o	w	 	i	s	 	t	h	e	 	c	o	d	e	
	
	 	 	 	 	f	r	o	m	 	s	e	l	e	n	i	u	m	 	i	m	p	o	r	t	 	w	e	b	d	r	i	v	e	r	
	 	 	 	 	f	r	o	m	 	s	e	l	e	n	i	u	m	.	w	e	b	d	r	i	v	e	r	.	c	o	m	m	o	n	.	b	y	 	i	m	p	o	r	t	 	B	y	
	 	 	 	 	f	r	o	m	 	s	e	l	e	n	i	u	m	.	w	e	b	d	r	i	v	e	r	.	c	h	r	o	m	e	.	o	p	t	i	o	n	s	 	i	m	p	o	r	t	 	O	p	t	i	o	n	s	
	 	 	 	 	i	m	p	o	r	t	 	g	o	o	g	l	e	m	a	p	s	 	a	s	 	g	m	a	p	s	
	 	 	 	 	i	m	p	o	r	t	 	n	u	m	p	y	
	 	 	 	 	
	 	 	 	 	m	y	_	u	r	l	 	=	 	""""	h	t	t	p	s	:	/	/	f	i	b	e	r	.	g	o	o	g	l	e	.	c	o	m	/	a	b	o	u	t	/	""""	
	 	 	 	 	s	e	a	r	c	h	_	s	t	r	i	n	g	 	=	 	""""	G	e	t	 	G	o	o	g	l	e	 	F	i	b	e	r	 	i	n	 	a	 	f	e	w	 	s	i	m	p	l	e	 	s	t	e	p	s	""""	
	 	 	 	 	
	 	 	 	 	A	P	I	_	K	e	y	 	=	 	'	&	l	t	;	&	l	t	;	G	o	o	g	l	e	 	A	P	I	 	K	e	y	&	g	t	;	&	g	t	;	'	
	 	 	 	 	g	m	a	p	s	 	=	 	g	m	a	p	s	.	C	l	i	e	n	t	(	k	e	y	=	A	P	I	_	K	e	y	)	
	 	 	 	 	
	 	 	 	 	o	p	t	i	o	n	s	 	=	 	O	p	t	i	o	n	s	(	)	
	 	 	 	 	o	p	t	i	o	n	s	.	h	e	a	d	l	e	s	s	 	=	 	T	r	u	e	
	 	 	 	 	o	p	t	i	o	n	s	.	a	d	d	_	a	r	g	u	m	e	n	t	(	'	w	i	n	d	o	w	-	s	i	z	e	=	1	2	0	0	x	1	0	2	3	'	)	
	 	 	 	 	d	r	i	v	e	r	 	=	 	w	e	b	d	r	i	v	e	r	.	C	h	r	o	m	e	(	e	x	e	c	u	t	a	b	l	e	_	p	a	t	h	=	""""	/	u	s	r	/	l	o	c	a	l	/	b	i	n	/	c	h	r	o	m	e	d	r	i	v	e	r	""""	,	o	p	t	i	o	n	s	=	o	p	t	i	o	n	s	)	
	 	 	 	 	
	 	 	 	 	'	'	'	 	T	h	e	 	l	a	r	g	e	 	a	r	e	a	 	t	h	a	t	 	h	a	s	 	b	e	e	n	 	s	c	a	n	n	e	d	 	a	t	 	l	o	w	 	r	e	s	
	 	 	 	 	y	s	t	a	r	t	 	 	=	 	2	9	.	4	
	 	 	 	 	x	s	t	a	r	t	 	 	=	 	-	9	8	.	7	5	
	 	 	 	 	y	e	n	d	 	 	 	 	=	 	2	9	.	6	
	 	 	 	 	x	e	n	d	 	 	 	 	=	 	-	9	8	.	4	
	 	 	 	 	'	'	'	
	 	 	 	 	#	2	9	.	4	9	7	7	8	1	,	 	-	9	8	.	4	2	6	8	7	5	
	 	 	 	 	#	2	9	.	4	8	1	5	2	1	,	 	-	9	8	.	4	0	0	4	7	0	
	 	 	 	 	l	a	t	E	n	d	 	=	 	2	9	.	5	8	8	9	6	3	
	 	 	 	 	l	o	n	S	t	a	r	t	 	=	 	-	9	8	.	7	3	2	7	1	9	
	 	 	 	 	l	a	t	S	t	a	r	t	 	=	 	2	9	.	5	3	9	1	7	4	
	 	 	 	 	l	o	n	E	n	d	 	=	 	-	9	8	.	6	3	8	9	4	9	
	 	 	 	 	
	 	 	 	 	s	c	a	n	R	e	s	 	=	 	0	.	0	0	3	 	#	0	.	0	1	 	L	o	w	 	R	e	s	 	|	|	 	0	.	0	0	3	 	M	e	d	 	R	e	s	 	|	|	|	 	0	.	0	0	2	 	H	i	g	h	 	R	e	s	
	 	 	 	 	a	d	d	r	e	s	s	 	=	 	'	'	
	 	 	 	 	z	i	p	c	o	d	e	 	=	 	'	'	
	 	 	 	 	
	 	 	 	 	
	 	 	 	 	#	a	d	d	r	 	=	 	g	m	a	p	s	.	r	e	v	e	r	s	e	_	g	e	o	c	o	d	e	(	(	y	s	t	a	r	t	,	 	x	s	t	a	r	t	)	,	r	e	s	u	l	t	_	t	y	p	e	=	'	s	t	r	e	e	t	_	a	d	d	r	e	s	s	'	)	
	 	 	 	 	#	a	d	d	r	e	s	s	 	=	 	s	t	r	(	a	d	d	r	[	0	]	[	'	a	d	d	r	e	s	s	_	c	o	m	p	o	n	e	n	t	s	'	]	[	0	]	[	'	l	o	n	g	_	n	a	m	e	'	]	)	 	+	 	""""	 	""""	 	+	 	s	t	r	(	a	d	d	r	[	0	]	[	'	a	d	d	r	e	s	s	_	c	o	m	p	o	n	e	n	t	s	'	]	[	1	]	[	'	l	o	n	g	_	n	a	m	e	'	]	)	
	 	 	 	 	#	z	i	p	c	o	d	e	 	=	 	s	t	r	(	a	d	d	r	[	0	]	[	'	a	d	d	r	e	s	s	_	c	o	m	p	o	n	e	n	t	s	'	]	[	7	]	[	'	l	o	n	g	_	n	a	m	e	'	]	)	
	 	 	 	 	
	 	 	 	 	s	t	r	e	e	t	N	u	m	 	=	 	'	'	
	 	 	 	 	r	o	u	t	e	 	=	 	'	'	
	 	 	 	 	
	 	 	 	 	f	i	l	e	O	u	t	A	v	a	i	l	 	 	=	 	o	p	e	n	(	""""	d	a	t	a	A	v	a	i	l	4	.	c	s	v	""""	,	 	""""	w	""""	)	
	 	 	 	 	f	i	l	e	O	u	t	A	v	a	i	l	.	w	r	i	t	e	(	""""	A	v	a	i	l	a	b	i	l	i	t	y	,	S	t	r	e	e	t	A	d	d	r	e	s	s	,	Z	i	p	c	o	d	e	\	n	""""	)	
	 	 	 	 	f	i	l	e	O	u	t	U	n	a	v	 	 	=	 	o	p	e	n	(	""""	d	a	t	a	U	n	a	v	4	.	c	s	v	""""	,	 	""""	w	""""	)	
	 	 	 	 	f	i	l	e	O	u	t	U	n	a	v	.	w	r	i	t	e	(	""""	A	v	a	i	l	a	b	i	l	i	t	y	,	S	t	r	e	e	t	A	d	d	r	e	s	s	,	Z	i	p	c	o	d	e	\	n	""""	)	
	 	 	 	 	
	 	 	 	 	f	o	r	 	l	a	t	 	i	n	 	n	u	m	p	y	.	a	r	a	n	g	e	(	l	a	t	S	t	a	r	t	,	 	l	a	t	E	n	d	,	 	s	c	a	n	R	e	s	)	:	 	
	 	 	 	 	 	 	 	 	f	o	r	 	l	o	n	 	i	n	 	n	u	m	p	y	.	a	r	a	n	g	e	(	l	o	n	S	t	a	r	t	,	 	l	o	n	E	n	d	,	 	s	c	a	n	R	e	s	)	:	
	 	 	 	 	 	 	 	 	 	 	 	 	a	d	d	r	 	=	 	g	m	a	p	s	.	r	e	v	e	r	s	e	_	g	e	o	c	o	d	e	(	(	l	a	t	,	 	l	o	n	)	)	
	 	 	 	 	 	 	 	 	 	 	 	 	f	o	r	 	a	d	d	C	o	m	p	 	i	n	 	a	d	d	r	[	0	]	[	'	a	d	d	r	e	s	s	_	c	o	m	p	o	n	e	n	t	s	'	]	:	
	 	 	 	 	 	 	 	 	 	 	 	 	 	 	 	 	#	p	r	i	n	t	(	a	d	d	C	o	m	p	)	
	 	 	 	 	 	 	 	 	 	 	 	 	 	 	 	 	i	f	 	'	s	t	r	e	e	t	_	n	u	m	b	e	r	'	 	i	n	 	a	d	d	C	o	m	p	[	'	t	y	p	e	s	'	]	:	
	 	 	 	 	 	 	 	 	 	 	 	 	 	 	 	 	 	 	 	 	s	t	r	e	e	t	N	u	m	 	=	 	a	d	d	C	o	m	p	[	'	l	o	n	g	_	n	a	m	e	'	]	
	 	 	 	 	 	 	 	 	 	 	 	 	 	 	 	 	i	f	 	'	r	o	u	t	e	'	 	i	n	 	a	d	d	C	o	m	p	[	'	t	y	p	e	s	'	]	:	
	 	 	 	 	 	 	 	 	 	 	 	 	 	 	 	 	 	 	 	 	r	o	u	t	e	 	=	 	a	d	d	C	o	m	p	[	'	l	o	n	g	_	n	a	m	e	'	]	
	 	 	 	 	 	 	 	 	 	 	 	 	 	 	 	 	i	f	 	'	p	o	s	t	a	l	_	c	o	d	e	'	 	i	n	 	a	d	d	C	o	m	p	[	'	t	y	p	e	s	'	]	:	
	 	 	 	 	 	 	 	 	 	 	 	 	 	 	 	 	 	 	 	 	z	i	p	c	o	d	e	 	=	 	a	d	d	C	o	m	p	[	'	l	o	n	g	_	n	a	m	e	'	]	
	 	 	 	 	 	 	 	 	 	 	 	 	 	 	 	 	
	 	 	 	 	 	 	 	 	 	 	 	 	a	d	d	r	e	s	s	 	=	 	s	t	r	e	e	t	N	u	m	 	+	 	""""	 	""""	 	+	 	r	o	u	t	e	
	 	 	 	 	 	 	 	 	 	 	 	 	
	 	 	 	 	 	 	 	 	 	 	 	 	'	'	'	 	C	o	d	e	 	t	o	 	s	c	r	a	p	e	 	w	e	b	s	i	t	e	'	'	'	
	 	 	 	 	 	 	 	 	 	 	 	 	d	r	i	v	e	r	.	g	e	t	(	m	y	_	u	r	l	)	
	 	 	 	 	 	 	 	 	 	 	 	 	
	 	 	 	 	 	 	 	 	 	 	 	 	d	r	i	v	e	r	.	f	i	n	d	_	e	l	e	m	e	n	t	s	(	B	y	.	N	A	M	E	,	 	""""	a	d	d	r	e	s	s	""""	)	[	1	]	.	s	e	n	d	_	k	e	y	s	(	a	d	d	r	e	s	s	)	
	 	 	 	 	 	 	 	 	 	 	 	 	d	r	i	v	e	r	.	f	i	n	d	_	e	l	e	m	e	n	t	s	(	B	y	.	N	A	M	E	,	 	""""	z	i	p	c	o	d	e	""""	)	[	1	]	.	s	e	n	d	_	k	e	y	s	(	z	i	p	c	o	d	e	)	
	 	 	 	 	 	 	 	 	 	 	 	 	d	r	i	v	e	r	.	f	i	n	d	_	e	l	e	m	e	n	t	s	(	B	y	.	X	P	A	T	H	,	""""	/	/	b	u	t	t	o	n	[	@	t	y	p	e	=	'	s	u	b	m	i	t	'	]	""""	)	[	1	]	.	c	l	i	c	k	(	)	;	
	 	 	 	 	 	 	 	 	 	 	 	 	
	 	 	 	 	 	 	 	 	 	 	 	 	b	o	d	y	T	e	x	t	 	=	 	d	r	i	v	e	r	.	f	i	n	d	_	e	l	e	m	e	n	t	_	b	y	_	t	a	g	_	n	a	m	e	(	'	b	o	d	y	'	)	.	t	e	x	t	
	 	 	 	 	 	 	 	 	 	 	 	 	i	f	 	s	e	a	r	c	h	_	s	t	r	i	n	g	 	i	n	 	b	o	d	y	T	e	x	t	:	
	 	 	 	 	 	 	 	 	 	 	 	 	 	 	 	 	p	r	i	n	t	(	""""	A	V	A	I	L	A	B	L	E	,	""""	 	+	 	s	t	r	(	a	d	d	r	e	s	s	)	 	+	 	""""	,	""""	+	 	s	t	r	(	z	i	p	c	o	d	e	)	)	
	 	 	 	 	 	 	 	 	 	 	 	 	 	 	 	 	f	i	l	e	O	u	t	A	v	a	i	l	.	w	r	i	t	e	(	""""	A	V	A	I	L	A	B	L	E	,	""""	 	+	 	s	t	r	(	a	d	d	r	e	s	s	)	 	+	 	""""	,	""""	+	 	s	t	r	(	z	i	p	c	o	d	e	)	+	""""	\	n	""""	)	
	 	 	 	 	 	 	 	 	 	 	 	 	e	l	s	e	:	
	 	 	 	 	 	 	 	 	 	 	 	 	 	 	 	 	p	r	i	n	t	(	""""	N	O	T	 	A	V	A	I	L	A	B	L	E	,	""""	 	+	 	s	t	r	(	a	d	d	r	e	s	s	)	 	+	 	""""	,	""""	+	 	s	t	r	(	z	i	p	c	o	d	e	)	)	
	 	 	 	 	 	 	 	 	 	 	 	 	 	 	 	 	f	i	l	e	O	u	t	U	n	a	v	.	w	r	i	t	e	(	""""	N	O	T	 	A	V	A	I	L	A	B	L	E	,	""""	 	+	 	s	t	r	(	a	d	d	r	e	s	s	)	 	+	 	""""	,	""""	+	 	s	t	r	(	z	i	p	c	o	d	e	)	+	""""	\	n	""""	)	
	 	 	 	 	
	 	 	 	 	f	i	l	e	O	u	t	A	v	a	i	l	.	c	l	o	s	e	(	)	
	 	 	 	 	f	i	l	e	O	u	t	U	n	a	v	.	c	l	o	s	e	(	)	
	 	 	 	 	#	d	r	i	v	e	r	.	s	a	v	e	_	s	c	r	e	e	n	s	h	o	t	(	""""	s	c	r	e	e	n	i	e	.	p	n	g	""""	)&	g	t	;	 	h	i	k	i	n	g	 	i	n	 	t	h	e	 	o	p	e	n	 	a	i	r	 	i	n	 	o	n	e	 	o	f	 	o	u	r	 	p	a	r	k	s	.	
	
	I	'	m	 	g	o	i	n	g	 	t	o	 	m	a	k	e	 	t	h	e	 	r	a	s	h	 	a	s	s	u	m	p	t	i	o	n	 	t	h	a	t	 	y	o	u	 	a	r	e	 	n	e	w	(	i	s	h	)	 	t	o	 	S	A	 	a	n	d	 	d	o	n	'	t	 	r	e	a	l	i	z	e	 	w	h	a	t	 	h	a	p	p	e	n	s	 	i	n	 	S	A	 	p	a	r	k	s	 	o	n	 	h	o	l	i	d	a	y	s	.	
	
	h	t	t	p	s	:	/	/	w	w	w	.	y	o	u	t	u	b	e	.	c	o	m	/	w	a	t	c	h	?	v	=	c	L	m	8	d	u	k	R	J	k	4	
	
	T	h	e	r	e	'	s	 	n	o	 	h	i	k	i	n	g	,	 	p	e	r	 	s	e	.	 	I	t	'	s	 	m	o	r	e	 	o	f	 	a	 	h	u	g	e	 	d	r	u	n	k	e	n	 	p	a	r	t	y	.	 	 	A	l	l	 	t	h	e	 	l	o	c	a	l	 	p	a	r	k	s	,	 	b	u	t	 	m	a	i	n	l	y	 	B	r	e	c	k	e	n	r	i	d	g	e	 	l	a	t	e	l	y	,	 	b	e	c	o	m	e	 	a	 	m	a	s	s	 	o	f	 	e	x	t	e	n	d	e	d	 	f	a	m	i	l	i	e	s	 	p	i	t	c	h	i	n	g	 	t	e	n	t	s	 	a	n	d	 	C	A	M	P	I	N	G	 	i	n	 	t	h	e	 	c	i	t	y	 	p	a	r	k	 	f	o	r	 	t	h	e	 	d	u	r	a	t	i	o	n	 	o	f	 	t	h	e	 	h	o	l	i	d	a	y	,	 	t	r	a	s	h	i	n	g	 	t	h	e	 	p	l	a	c	e	 	a	n	d	 	n	o	t	 	p	i	c	k	i	n	g	 	u	p	 	a	f	t	e	r	 	t	h	e	m	s	e	l	v	e	s	,	 	w	h	i	c	h	 	t	a	k	e	s	 	t	h	e	 	c	i	t	y	 	w	o	r	k	e	r	s	 	2	 	d	a	y	s	 	o	f	 	c	l	e	a	n	u	p	.	
	
	G	o	o	g	l	e	 	'	S	a	n	 	A	n	t	o	n	i	o	 	E	a	s	t	e	r	 	p	a	r	k	 	c	a	m	p	i	n	g	'	 	f	o	r	 	p	i	c	s	 	s	h	o	w	i	n	g	 	t	h	o	u	s	a	n	d	s	 	o	f	 	p	e	o	p	l	e	 	c	a	m	p	i	n	g	 	5	 	f	e	e	t	 	f	r	o	m	 	e	a	c	h	 	o	t	h	e	r	.	 	 	
	
	T	h	a	t	'	s	 	t	h	e	 	r	e	a	s	o	n	 	t	h	e	 	p	a	r	k	s	 	a	r	e	 	c	l	o	s	e	d	,	 	b	e	c	a	u	s	e	 	p	e	o	p	l	e	 	c	a	n	'	t	 	b	e	h	a	v	e	 	a	n	d	 	f	o	l	l	o	w	 	s	o	c	i	a	l	 	d	i	s	t	a	n	c	i	n	g	 	g	u	i	d	e	l	i	n	e	s	.	 	 	 	
	
	T	h	e	 	p	a	r	k	s	 	w	i	l	l	 	b	e	 	o	p	e	n	 	a	g	a	i	n	 	a	f	t	e	r	 	t	h	e	 	h	o	l	i	d	a	y	 	w	e	e	k	e	n	d	.	 	
	
	B	e	 	s	a	f	e	.D	o	n	'	t	 	f	a	l	l	 	f	o	r	 	t	h	e	 	T	r	a	d	e	r	s	 	V	i	l	l	a	g	e	 	t	r	a	p	 	.	.	.	 	I	t	 	L	O	O	K	S	 	i	n	t	e	r	e	s	t	i	n	g	,	 	b	u	t	 	o	n	c	e	 	y	o	u	 	g	e	t	 	i	n	s	i	d	e	,	 	y	o	u	'	l	l	 	s	e	e	 	m	u	l	t	i	p	l	e	 	s	h	o	p	s	 	a	l	l	 	s	e	l	l	i	n	g	 	t	h	e	 	s	a	m	e	 	t	h	i	n	g	s	,	 	w	i	t	h	 	v	e	r	y	 	l	i	t	t	l	e	 	o	f	 	i	t	 	b	e	i	n	g	 	t	h	e	 	p	e	r	s	o	n	a	l	l	y	-	o	w	n	e	d	 	u	s	e	d	 	s	t	u	f	f	 	y	o	u	 	e	x	p	e	c	t	 	p	e	o	p	l	e	 	t	o	 	s	e	l	l	 	f	r	o	m	 	t	h	e	i	r	 	g	a	r	a	g	e	 	a	t	 	a	 	f	l	e	a	 	m	a	r	k	e	t	.	
	
	I	f	 	y	o	u	 	w	a	n	t	 	b	o	o	t	s	,	 	m	e	t	a	l	 	y	a	r	d	 	a	r	t	,	 	c	h	e	a	p	 	p	l	a	s	t	i	c	 	c	e	l	l	 	p	h	o	n	e	 	c	a	s	e	s	,	 	n	o	-	n	a	m	e	 	b	o	o	m	b	o	x	e	s	 	o	r	 	k	n	o	c	k	o	f	f	 	s	o	c	c	e	r	 	j	e	r	s	e	y	s	,	 	t	h	i	s	 	i	s	 	y	o	u	r	 	p	l	a	c	e	 	-	-	 	b	e	c	a	u	s	e	 	t	h	e	r	e	 	a	r	e	 	L	O	T	S	 	o	f	 	s	t	o	r	e	s	 	s	e	l	l	i	n	g	 	t	h	i	s	 	s	t	u	f	f	.	 	B	u	t	 	i	f	 	y	o	u	'	r	e	 	l	o	o	k	i	n	g	 	t	o	 	d	i	g	 	t	h	r	o	u	g	h	 	s	o	m	e	o	n	e	'	s	 	p	e	r	s	o	n	a	l	l	y	-	o	w	n	e	d	 	s	t	u	f	f	 	h	o	p	i	n	g	 	t	o	 	f	i	n	d	 	a	 	h	i	d	d	e	n	 	t	r	e	a	s	u	r	e	,	 	t	h	a	t	 	a	i	n	'	t	 	g	o	i	n	g	 	t	o	 	h	a	p	p	e	n	.M	a	k	e	 	s	u	r	e	 	y	o	u	 	c	h	e	c	k	 	w	i	t	h	 	a	l	l	 	t	h	e	 	s	u	r	r	o	u	n	d	i	n	g	 	v	e	t	e	r	i	n	a	r	i	a	n	s	.	 	 	T	h	a	t	'	s	 	h	o	w	 	w	e	 	r	e	u	n	i	t	e	d	 	a	 	p	u	p	 	w	e	 	f	o	u	n	d	 	w	i	t	h	 	h	i	s	 	f	a	m	i	l	y	.	 	 	C	h	e	c	k	 	w	i	t	h	 	A	C	S	 	a	n	d	 	H	u	m	a	n	e	 	S	o	c	i	e	t	y	,	 	t	o	o	.	 	 	G	o	o	d	 	l	u	c	k	,	 	h	e	 	l	o	o	k	s	 	l	i	k	e	 	a	 	s	w	e	e	t	h	e	a	r	t	.	 	 	
	
	O	h	,	 	a	n	d	 	y	o	u	 	c	a	n	 	m	a	k	e	 	a	 	f	l	y	e	r	 	a	t	 	L	o	s	t	 	D	o	g	s	 	o	f	 	T	e	x	a	s	 	o	n	 	F	a	c	e	b	o	o	k	.I	 	h	a	d	 	t	o	 	d	o	 	t	h	e	 	s	a	m	e	 	t	h	i	n	g	 	l	a	s	t	 	y	e	a	r	,	 	o	n	l	y	 	m	y	 	c	a	r	 	d	i	d	n	'	t	 	a	c	t	u	a	l	l	y	 	n	e	e	d	 	a	n	y	 	r	e	p	a	i	r	s	 	t	o	 	p	a	s	s	 	i	n	s	p	e	c	t	i	o	n	.	 	Y	o	u	 	h	a	v	e	 	t	o	 	a	p	p	l	y	 	f	o	r	 	a	 	S	a	l	v	a	g	e	 	T	i	t	l	e	 	f	r	o	m	 	t	h	e	 	s	t	a	t	e	 	b	y	 	m	a	i	l	,	 	t	h	e	n	 	b	r	i	n	g	 	t	h	a	t	 	t	i	t	l	e	 	a	n	d	 	s	o	m	e	 	a	d	d	i	t	i	o	n	a	l	 	p	a	p	e	r	w	o	r	k	 	t	o	 	t	h	e	 	m	a	i	n	 	T	a	x	 	A	s	s	e	s	s	o	r	s	 	o	f	f	i	c	e	 	d	o	w	n	t	o	w	n	 	t	o	 	g	e	t	 	y	o	u	r	 	r	e	b	u	i	l	t	 	t	i	t	l	e	.	 	I	'	m	 	o	n	 	m	y	 	p	h	o	n	e	 	r	i	g	h	t	 	n	o	w	 	s	o	 	I	 	c	a	n	'	t	 	r	e	a	l	l	y	 	l	i	n	k	 	b	u	t	 	I	 	r	e	m	e	m	b	e	r	 	t	h	e	 	f	o	r	m	s	 	a	l	l	 	b	e	i	n	g	 	e	a	s	i	l	y	 	a	v	a	i	l	a	b	l	e	 	o	n	l	i	n	e	.Y	e	a	h	,	 	t	h	a	t	 	w	a	s	 	p	r	e	t	t	y	 	s	h	i	t	t	y	.	 	L	i	k	e	 	I	 	s	a	i	d	 	e	l	s	e	w	h	e	r	e	,	 	I	’	d	 	h	a	v	e	 	b	e	e	n	 	p	i	s	s	e	d	 	i	f	 	I	 	b	o	u	g	h	t	 	a	 	t	i	c	k	e	t	,	 	a	n	d	 	t	h	e	 	A	T	&	a	m	p	;	T	 	C	e	n	t	e	r	 	i	s	 	w	i	t	h	i	n	 	w	a	l	k	i	n	g	 	d	i	s	t	a	n	c	e	 	f	r	o	m	 	o	u	r	 	h	o	u	s	e	.	 	I	 	c	a	n	 	o	n	l	y	 	i	m	a	g	i	n	e	 	h	o	w	 	t	h	o	s	e	 	f	o	l	k	s	 	f	e	e	l	 	w	h	o	 	p	o	n	i	e	d	 	u	p	 	f	o	r	 	p	l	a	n	e	 	t	i	c	k	e	t	s	 	&	a	m	p	;	 	h	o	t	e	l	 	r	o	o	m	s	.	 	I	’	m	 	n	o	t	 	a	 	f	a	n	 	—	 	m	o	d	e	r	n	 	N	a	s	h	v	i	l	l	e	 	c	o	u	n	t	r	y	 	r	e	a	l	l	y	 	i	s	n	’	t	 	m	y	 	t	h	i	n	g	 	—	 	b	u	t	 	I	 	f	e	e	l	 	b	a	d	 	f	o	r	 	‘	e	m	.	
	
	A	l	s	o	?	 	F	o	r	 	t	h	o	s	e	 	o	f	 	y	o	u	 	w	h	o	 	a	r	e	 	s	a	y	i	n	g	 	“	w	h	o	”	?	 	G	o	o	g	l	e	 	i	s	 	*	t	o	t	a	l	l	y	*	 	a	 	t	h	i	n	g	.	 	Y	o	u	 	s	h	o	u	l	d	 	c	h	e	c	k	 	i	t	 	o	u	t	.	 	I	t	'	s	 	p	r	e	t	t	y	 	n	i	f	t	y	.I	'	l	l	 	t	e	l	l	 	y	o	u	 	w	h	y	.	.	.	 	G	o	o	g	l	e	 	s	a	y	s	 	p	e	r	m	a	n	e	n	t	l	y	 	c	l	o	s	e	d	.	 	I	 	d	i	d	n	'	t	 	g	e	t	 	a	n	 	a	n	s	w	e	r	 	w	h	e	n	 	c	a	l	l	i	n	g	.	 	 	B	u	t	 	I	 	h	e	a	r	d	 	p	e	o	p	l	e	 	s	a	y	i	n	g	 	t	h	e	y	'	v	e	 	s	e	e	n	 	p	e	o	p	l	e	 	w	a	l	k	i	n	g	 	i	n	 	a	n	d	 	o	u	t	.	 	D	o	e	s	 	t	h	a	t	 	m	a	k	e	 	s	e	n	s	e	 	t	o	 	y	o	u	?g	o	 	t	o	 	t	h	e	 	b	i	g	 	d	m	v	 	l	o	c	a	t	i	o	n	 	a	t	 	H	u	e	b	n	e	r	 	&	a	m	p	;	 	4	1	0	.	 	t	h	e	y	 	s	p	e	c	i	a	l	i	z	e	 	i	n	 	D	L	.	 	Y	o	u	'	l	l	 	b	e	 	s	e	e	n	 	i	n	 	l	e	s	s	 	t	h	a	n	 	5	 	m	i	n	u	t	e	s	.	 	I	t	s	 	n	o	t	 	l	i	k	e	 	o	t	h	e	r	 	d	m	v	s	 	h	e	r	e	 	i	n	 	S	A	.	
	
	I	 	t	h	i	n	k	 	s	i	n	c	e	 	y	o	u	'	r	e	 	o	v	e	r	 	1	8	,	 	y	o	u	 	j	u	s	t	 	h	a	v	e	 	t	o	 	t	a	k	e	 	t	h	e	 	w	r	i	t	t	e	n	 	t	e	s	t	 	o	n	 	c	o	m	p	u	t	e	r	.	 	(	e	a	s	y	 	s	t	u	f	f	)	 	&	a	m	p	;	 	o	n	c	e	 	y	o	u	 	p	a	s	s	,	 	y	o	u	 	t	a	k	e	 	y	o	u	r	 	p	i	c	t	u	r	e	 	a	n	d	 	g	e	t	 	a	 	p	a	p	e	r	 	a	s	 	y	o	u	r	 	p	e	r	m	i	t	 	t	i	l	 	y	o	u	r	 	a	c	t	u	a	l	 	l	i	c	e	n	s	e	 	c	o	m	e	s	 	i	n	 	t	h	e	 	m	a	i	l	.	 	
	
	t	h	e	 	w	h	o	l	e	 	p	r	o	c	e	s	s	 	i	s	n	t	 	t	h	a	t	 	d	i	f	f	i	c	u	l	t	.G	o	t	 	t	h	e	 	3	0	0	 	m	b	p	s	.	 	S	p	e	c	t	r	u	m	 	t	r	i	e	d	 	t	o	 	b	r	i	b	e	 	m	e	 	w	i	t	h	 	t	h	e	i	r	 	p	h	o	n	e	 	s	e	r	v	i	c	e	 	a	t	 	$	2	9	.	9	9	 	f	o	r	 	t	w	o	 	l	i	n	e	s	 	a	n	d	 	$	2	9	.	9	9	 	f	o	r	 	i	n	t	e	r	n	e	t	 	w	h	i	l	e	 	A	T	&	a	m	p	;	T	 	t	r	i	e	d	 	t	o	 	b	r	i	b	e	 	m	e	 	w	i	t	h	 	a	 	$	2	0	0	 	d	e	b	i	t	 	c	a	r	d	 	s	i	n	c	e	 	I	’	m	 	a	 	w	i	r	e	l	e	s	s	 	c	u	s	t	o	m	e	r	.	
	
	E	n	d	e	d	 	u	p	 	g	o	i	n	g	 	w	i	t	h	 	s	p	e	c	t	r	u	m	 	f	o	r	 	$	5	5	 	f	o	r	 	3	0	0	 	m	b	p	sI	f	 	p	e	o	p	l	e	 	w	o	u	l	d	 	g	e	t	 	t	i	c	k	e	t	s	 	f	o	r	 	b	e	i	n	g	 	o	n	 	t	h	e	 	p	h	o	n	e	 	w	h	i	l	e	 	d	r	i	v	i	n	g	,	 	w	e	 	w	o	u	l	d	 	g	e	t	 	a	n	 	i	m	p	r	o	v	e	m	e	n	t	 	w	i	t	h	 	t	r	a	f	f	i	c	.I	’	v	e	 	h	a	d	 	t	w	o	 	s	-	1	0	’	s	 	(	8	2	 	a	n	d	 	8	8	)	.	 	N	e	i	t	h	e	r	 	w	e	r	e	 	a	 	f	o	o	t	 	b	a	n	g	e	r	.	 	B	o	t	h	e	r	 	w	e	r	e	 	2	.	8	L	 	V	6	’	s	.	 	
	
	C	o	m	p	a	r	e	d	 	t	o	 	t	o	d	a	y	’	s	 	v	e	h	i	c	l	e	s	 	t	h	e	r	e	 	a	r	e	 	a	 	b	r	e	e	z	e	 	t	o	 	w	o	r	k	 	o	n	.	 	T	h	e	r	e	’	s	 	s	o	m	e	t	h	i	n	g	 	t	o	 	b	e	 	s	a	i	d	 	a	b	o	u	t	 	t	h	e	 	s	i	m	p	l	i	c	i	t	y	 	o	f	 	o	l	d	e	r	 	v	e	h	i	c	l	e	s	 	w	i	t	h	o	u	t	 	a	l	l	 	t	h	e	 	b	u	i	l	t	 	i	n	 	t	e	c	h	n	o	l	o	g	y	 	a	n	d	 	s	e	n	s	o	r	s	.W	o	u	l	d	 	y	o	u	 	m	i	n	d	 	f	i	l	l	i	n	g	 	o	u	t	 	t	h	e	 	f	o	l	l	o	w	i	n	g	 	a	s	 	y	o	u	 	a	r	e	 	i	n	 	p	o	s	s	e	s	s	i	o	n	 	o	f	 	t	h	e	 	l	o	s	t	 	p	e	t	?	 	h	t	t	p	s	:	/	/	w	w	w	.	p	a	w	b	o	o	s	t	.	c	o	m	/	p	o	s	t	-	f	a	c	e	b	o	o	k	-	l	o	s	t	-	a	n	d	-	f	o	u	n	d	-	p	e	t	s	?	u	t	m	\	_	s	o	u	r	c	e	=	f	b	&	a	m	p	;	u	t	m	\	_	c	a	m	p	a	i	g	n	=	f	b	\	_	s	a	n	\	_	a	n	t	o	n	i	o	\	_	t	xD	i	d	 	y	o	u	 	k	n	o	w	 	f	e	n	c	e	 	c	o	n	t	r	a	c	t	o	r	s	 	a	r	e	 	r	a	t	e	d	 	a	n	d	 	r	e	v	i	e	w	e	d	 	o	n	 	g	o	o	g	l	e	?	 	M	o	s	t	 	e	v	e	n	 	h	a	v	e	 	u	s	e	r	 	s	u	b	m	i	t	t	e	d	 	p	h	o	t	o	s	.	 	N	a	h	.	.	 	l	e	t	s	 	j	u	s	t	 	b	e	 	l	a	z	y	 	b	y	 	a	s	k	i	n	g	 	r	e	d	d	i	t	.H	a	d	 	G	o	o	g	l	e	.	 	N	o	 	p	r	o	b	l	e	m	s	.	 	S	p	e	c	t	r	u	m	 	c	a	m	e	 	s	o	l	i	c	i	t	i	n	g	 	a	t	 	m	y	 	d	o	o	r	,	 	a	n	d	 	I	'	m	 	g	l	a	d	 	I	 	g	a	v	e	 	t	h	e	m	 	t	i	m	e	.	 	1	 	g	i	g	 	f	o	r	 	2	 	y	e	a	r	s	 	g	u	a	r	a	n	t	e	e	d	 	a	n	d	 	n	o	 	c	o	n	t	r	a	c	t	 	o	r	 	m	o	d	e	m	 	r	e	n	t	a	l	 	f	e	e	.	 	$	4	0	/	m	o	n	t	h	.	 	W	o	r	k	s	 	j	u	s	t	 	a	s	 	w	e	l	l	 	a	s	 	G	o	o	g	l	e	.	 	C	o	n	s	t	a	n	t	l	y	 	g	e	t	t	i	n	g	 	o	v	e	r	 	9	0	0	 	d	o	w	n	l	o	a	d	 	a	n	d	 	5	0	 	u	p	l	o	a	d	.	 	W	i	t	h	 	G	o	o	g	l	e	,	 	I	 	w	a	s	 	g	e	t	t	i	n	g	 	t	h	e	 	s	a	m	e	 	d	o	w	n	l	o	a	d	,	 	b	u	t	 	u	p	l	o	a	d	 	w	a	s	 	i	n	 	t	h	e	 	7	0	0	s	.	 	T	h	o	u	g	h	t	 	I	'	d	 	b	e	 	m	i	s	s	i	n	g	 	o	u	t	 	o	n	 	t	h	e	 	u	p	l	o	a	d	,	 	b	u	t	 	n	o	p	e	.D	o	2	1	0	.	c	o	m	,	 	F	B	 	a	n	d	 	I	G	 	f	o	r	 	t	h	e	 	v	e	n	u	e	s	,	 	f	l	y	e	r	s	 	a	t	 	t	h	e	 	b	a	r	s	.	
	
	H	e	r	e	s	 	j	u	s	t	 	a	 	G	o	o	g	l	e	 	m	a	p	s	 	l	i	n	k	.	 	S	c	r	o	l	l	i	n	g	 	t	h	r	o	u	g	h	 	t	h	e	 	l	i	s	t	,	 	I	'	v	e	 	b	e	e	n	 	t	o	 	f	u	n	 	s	h	o	w	s	 	a	t	 	p	 	m	u	c	h	 	a	l	l	 	o	f	 	t	h	e	m	.	 	I	 	d	o	 	h	a	v	e	 	h	o	r	r	i	b	l	e	 	t	a	s	t	e	 	i	n	 	m	u	s	i	c	 	s	o	 	m	a	y	b	e	 	t	h	a	t	'	s	 	t	h	e	 	k	e	y	.T	h	e	r	e	'	s	 	a	 	c	o	m	m	u	n	i	t	y	 	o	f	 	u	s	 	t	h	a	t	 	w	o	u	l	d	 	l	i	k	e	 	t	o	 	w	e	l	c	o	m	e	 	y	o	u	 	a	t	 	h	t	t	p	s	:	/	/	w	w	w	.	f	a	c	e	b	o	o	k	.	c	o	m	/	9	9	5	K	I	S	S	S	U	X	X	/I	 	w	o	u	l	d	 	r	e	c	o	m	m	e	n	d	 	c	h	e	c	k	 	o	u	t	 	y	o	u	r	 	c	o	m	m	u	n	i	t	y	 	c	o	l	l	e	g	e	 	i	f	 	y	o	u	 	w	a	n	t	 	s	o	m	e	 	h	a	n	d	s	-	o	n	 	e	x	p	e	r	i	e	n	c	e	.	 	I	 	w	o	u	l	d	 	f	o	c	u	s	 	o	n	 	n	e	t	w	o	r	k	 	a	n	d	 	s	e	c	u	r	i	t	y	 	P	l	u	s	 	i	t	 	h	a	s	 	a	l	l	 	t	h	e	 	i	n	f	o	 	y	o	u	 	n	e	e	d	 	f	o	r	 	t	e	c	h	 	h	a	r	d	w	a	r	e	 	i	n	 	t	h	e	r	e	.	
	
	Y	o	u	T	u	b	e	 	p	r	o	f	e	s	s	o	r	 	m	e	n	s	e	r	 	C	o	m	p	T	I	A	 	N	e	t	w	o	r	k	 	p	l	u	s	 	a	n	d	 	s	e	c	u	r	i	t	y	 	P	l	u	s	.	 	I	f	 	y	o	u	'	r	e	 	u	p	 	f	o	r	 	a	 	r	e	a	l	l	y	 	g	o	o	d	 	c	h	a	l	l	e	n	g	e	 	C	i	s	c	o	 	C	C	N	A	.	 	A	n	d	 	s	o	m	e	 	r	o	u	t	i	n	g	 	a	n	d	 	s	w	i	t	c	h	i	n	g	 	p	a	i	r	 	t	h	a	t	 	w	i	t	h	 	t	h	e	 	s	e	c	u	r	i	t	y	 	P	l	u	s	 	y	o	u	 	s	h	o	u	l	d	 	b	e	 	a	b	l	e	 	t	o	 	f	i	n	d	 	a	 	j	o	b	 	5	4	k	.	
	P	u	b	l	i	c	 	l	i	b	r	a	r	i	e	s	 	w	i	l	l	 	b	e	 	y	o	u	r	 	b	e	s	t	 	f	r	i	e	n	d	 	t	o	 	f	o	r	 	g	o	o	d	 	f	r	e	e	 	r	e	s	o	u	r	c	e	s	 	a	n	d	 	Y	o	u	T	u	b	e	.	 	R	e	d	d	i	t	 	i	s	 	a	l	s	o	 	a	n	o	t	h	e	r	 	g	r	e	a	t	 	s	o	u	r	c	e	.	
	
	I	 	h	a	v	e	 	a	 	f	r	i	e	n	d	 	w	h	o	 	t	h	e	 	s	e	l	l	s	 	y	o	u	 	j	u	s	t	 	t	o	o	k	 	a	 	s	e	c	u	r	i	t	y	 	P	l	u	s	 	a	n	d	 	g	o	t	 	a	 	g	o	v	e	r	n	m	e	n	t	 	h	e	'	s	 	m	a	k	i	n	g	 	o	v	e	r	 	7	5	k	.	 	S	i	n	c	e	 	h	e	 	u	s	e	d	 	t	o	 	s	e	l	l	 	o	i	l	 	r	i	g	 	s	u	p	p	l	i	e	s	.	
	
	I	 	k	n	o	w	 	y	o	u	 	s	a	i	d	 	y	o	u	 	w	e	r	e	 	l	o	o	k	i	n	g	 	t	o	 	C	D	L	 	l	i	c	e	n	s	e	.	 	M	i	g	h	t	 	w	a	n	t	 	t	o	 	t	r	y	 	s	h	o	r	t	 	t	e	r	m	 	h	a	u	l	s	 	l	i	k	e	 	L	a	r	e	d	o	 	t	o	 	S	a	n	 	A	n	t	o	n	i	o	 	H	o	u	s	t	o	n	 	m	a	y	b	e	 	s	o	m	e	 	p	a	r	t	s	 	o	f	 	L	o	u	i	s	i	a	n	a	.	 	I	t	 	i	s	 	a	n	 	e	x	p	e	n	s	i	v	e	 	c	a	r	e	e	r	 	c	h	o	i	c	e	 	I	 	w	i	l	l	 	s	a	y	 	t	h	a	t	 	I	 	d	o	n	'	t	 	k	n	o	w	 	t	h	a	t	 	m	u	c	h	 	a	b	o	u	t	 	t	h	e	 	f	i	e	l	d	 	t	h	o	u	g	h	 	s	o	 	m	a	y	b	e	 	a	s	k	 	o	n	 	R	e	d	d	i	t	 	s	u	r	e	 	t	h	e	r	e	'	s	 	a	 	f	o	r	m	.	 	
	
	I	 	w	o	u	l	d	 	s	u	g	g	e	s	t	 	y	o	u	 	j	u	s	t	 	l	o	o	k	 	a	t	 	y	o	u	r	 	c	o	m	m	u	n	i	t	y	 	c	o	l	l	e	g	e	s	 	s	e	e	 	w	h	a	t	 	t	h	e	y	 	h	a	v	e	 	t	o	 	o	f	f	e	r	 	f	o	r	 	e	l	e	c	t	r	i	c	i	a	n	,	 	m	e	c	h	a	n	i	c	,	 	n	e	t	w	o	r	k	i	n	g	.	 	S	e	e	 	w	h	a	t	 	t	h	e	y	 	h	a	v	e	 	f	o	r	 	m	e	d	i	c	a	l	 	f	i	e	l	d	 	s	u	r	g	i	c	a	l	 	t	e	c	h	n	i	c	i	a	n	 	y	o	u	 	c	a	n	 	m	a	k	e	 	a	 	p	r	e	t	t	y	 	g	o	o	d	 	c	a	s	h	 	w	i	t	h	 	t	h	a	t	.	 	Y	o	u	 	s	h	o	u	l	d	 	b	e	 	e	l	i	g	i	b	l	e	 	f	o	r	 	s	o	m	e	t	h	i	n	g	 	w	i	t	h	 	e	l	e	c	t	r	i	c	i	a	n	 	f	o	r	 	f	i	n	a	n	c	i	a	l	 	a	i	d	 	s	i	n	c	e	 	i	t	'	s	 	a	 	b	i	g	 	d	e	m	a	n	d	.	
	
	F	o	r	 	n	e	t	w	o	r	k	i	n	g	 	a	n	d	 	c	y	b	e	r	 	s	e	c	u	r	i	t	y	 	S	a	n	 	A	n	t	o	n	i	o	 	i	s	 	a	 	c	a	p	i	t	a	l	 	f	o	r	 	t	h	a	t	 	i	n	 	T	e	x	a	s	.	 	W	e	l	l	 	t	h	e	n	 	s	i	n	c	e	 	t	h	e	 	c	i	t	y	 	i	s	 	g	r	o	w	i	n	g	 	s	o	 	f	a	s	t	 	e	l	e	c	t	r	i	c	i	a	n	s	 	w	i	l	l	 	b	e	 	n	e	e	d	e	d	 	s	o	 	y	o	u	'	l	l	 	a	l	w	a	y	s	 	h	a	v	e	 	w	o	r	k	 	w	i	t	h	 	t	h	a	t	.	 	S	a	m	e	 	t	h	i	n	g	 	w	i	t	h	 	p	l	u	m	b	i	n	g	,	 	p	h	y	s	i	c	a	l	 	t	h	e	r	a	p	y	 	p	e	o	p	l	e	 	w	i	l	l	 	a	l	w	a	y	s	 	b	e	 	g	e	t	t	i	n	g	 	o	l	d	.	
	
	H	V	A	C	 	i	s	 	a	 	g	o	o	d	 	d	e	m	a	n	d	 	s	t	u	f	f	 	a	s	 	w	e	l	l	.	 	
	C	h	e	c	k	 	o	u	t	 	u	s	a	j	o	b	s	.	g	o	v	 	y	o	u	 	m	i	g	h	t	 	f	i	n	d	 	a	 	j	o	b	 	t	h	e	r	e	 	t	h	a	t	 	y	o	u	 	m	i	g	h	t	 	w	a	n	t	 	t	o	 	t	r	y	.	 	L	i	k	e	 	t	h	e	 	f	e	d	e	r	a	l	 	c	o	u	r	t	s	 	t	h	e	y	'	r	e	 	i	n	 	S	a	n	 	A	n	t	o	n	i	o	 	m	a	y	b	e	 	t	h	e	y	 	h	a	v	e	 	a	n	 	o	p	e	n	i	n	g	 	f	o	r	 	a	 	p	r	o	b	a	t	i	o	n	 	a	s	s	i	s	t	a	n	t	 	i	t	 	s	o	u	n	d	s	 	l	i	k	e	 	y	o	u	 	w	o	u	l	d	 	b	e	 	q	u	a	l	i	f	y	 	f	o	r	 	o	r	 	j	u	d	i	c	i	a	l	 	a	s	s	i	s	t	a	n	t	 	.	 	S	t	a	r	t	i	n	g	 	p	a	y	 	f	o	r	 	b	o	t	h	 	t	h	o	s	e	 	j	o	b	s	 	a	t	 	l	e	a	s	t	 	4	2	k	 	a	n	d	 	t	h	e	n	 	t	h	e	 	g	o	v	e	r	n	m	e	n	t	 	h	a	s	 	r	e	a	l	l	y	 	g	o	o	d	 	b	e	n	e	f	i	t	s	.	
	
	A	l	s	o	 	r	e	m	e	m	b	e	r	 	t	h	a	t	 	y	o	u	 	a	r	e	 	a	 	b	a	d	a	s	s	 	a	n	d	 	j	u	s	t	 	k	e	e	p	 	t	r	a	c	k	i	n	g	 	f	o	r	w	a	r	d	 	n	o	 	m	a	t	t	e	r	 	w	h	a	t	 	h	a	p	p	e	n	s	.T	h	e	 	P	a	p	e	r	 	T	i	g	e	r	 	i	s	 	a	 	m	u	s	t	 	f	o	r	 	n	e	w	 	a	d	u	l	t	s	!	 	F	i	n	d	 	a	 	g	o	o	d	 	R	a	v	e	,	 	d	o	 	a	 	g	o	o	g	l	e	 	s	e	a	r	c	h	 	f	o	r	 	""""	t	e	x	a	s	 	E	D	M	""""	 	o	r	 	""""	E	l	e	c	t	r	i	o	n	i	c	 	M	i	d	w	e	s	t	""""	 	f	o	r	 	a	 	s	c	h	e	d	u	l	e	 	o	f	 	r	a	v	e	/	E	D	M	 	f	e	s	t	i	v	a	l	s	.	 	T	h	e	r	e	'	s	 	a	l	w	a	y	s	 	I	H	o	p	,	 	w	h	i	c	h	 	m	o	s	t	 	n	i	g	h	t	s	 	i	s	 	t	h	e	 	o	n	l	y	 	c	h	o	i	c	e	 	f	o	r	 	t	h	o	s	e	 	u	n	d	e	r	 	2	1	.i	f	 	i	m	 	t	h	i	n	k	i	n	g	 	a	b	o	u	t	 	t	h	e	 	r	i	g	h	t	 	a	r	e	a	,	 	y	o	u	 	p	r	o	b	 	h	a	v	e	 	t	o	 	w	a	l	k	 	u	n	d	e	r	 	a	 	o	v	e	r	p	a	s	s	.	.	 	i	 	s	o	l	o	 	t	r	a	v	e	l	 	a	l	o	t	,	 	a	n	d	 	w	h	e	n	 	I	 	h	a	v	e	 	t	o	 	a	n	s	w	e	r	 	a	 	q	u	e	s	t	i	o	n	 	l	i	k	e	 	t	h	a	t	,	 	i	 	g	o	 	o	n	 	a	p	p	l	e	 	m	a	p	s	 	o	r	 	g	o	o	g	l	e	 	m	a	p	s	 	a	n	d	 	l	o	o	k	 	a	t	 	w	h	a	t	 	t	h	e	 	a	c	t	u	a	l	 	p	l	a	c	e	 	l	o	o	k	s	 	l	i	k	e	.	 	l	i	k	e	 	i	s	 	i	t	 	w	a	l	k	a	b	l	e	 	i	n	 	t	e	r	m	s	 	o	f	 	h	i	g	h	w	a	y	s	,	 	a	n	d	 	f	a	s	t	 	c	a	r	s	.	.	 	(	a	l	t	h	o	u	g	h	 	t	h	i	s	 	m	e	t	h	o	d	 	w	o	n	'	t	 	h	e	l	p	 	w	i	t	h	 	t	h	e	 	d	a	n	g	e	r	/	c	r	i	m	e	 	f	a	c	t	o	r	 	o	f	 	i	t	 	a	l	l	.	 	i	 	t	h	i	n	k	 	y	o	u	 	w	i	l	l	 	b	e	 	o	k	,	 	j	u	s	t	 	s	e	c	u	r	e	 	u	r	 	b	e	l	o	n	g	i	n	g	s	 	a	n	d	 	b	e	 	a	w	a	r	e	 	o	f	 	y	o	u	r	 	s	u	r	r	o	u	n	d	i	n	g	s	.	 	i	f	 	y	o	u	 	d	o	n	t	 	f	e	e	l	 	s	a	f	e	,	 	u	b	e	r	 	:	)